url_length,num_dots,num_hyphen,contains_ip,has_https,domain_age,suspicious_words,redirect_count,entropy_score,label
27,1,0,0,1,2040,1,1,3.8101,0
33,1,2,0,0,31,2,2,4.0438,1
26,1,0,0,1,5966,0,0,3.5843,0
35,1,2,0,0,29,5,1,4.1859,1
27,1,0,0,1,828,0,0,3.8101,0
38,1,2,0,0,33,4,1,3.9579,1
24,1,0,0,1,1338,0,0,3.7091,0
35,1,2,1,0,10,4,2,4.2046,1
24,1,0,0,1,1274,1,0,3.8554,0
32,1,2,0,0,38,2,3,4.0306,1
27,1,0,0,1,7338,0,0,3.838,0
32,1,2,0,0,11,5,1,4.1792,1
27,1,0,0,1,5019,1,1,3.838,0
32,1,2,0,0,23,5,2,4.0931,1
23,1,0,0,1,7702,0,0,3.6212,0
34,1,2,1,1,25,5,2,4.0912,1
25,1,0,0,1,4654,0,0,3.8937,0
36,1,2,1,0,18,3,3,4.1206,1
27,1,0,0,1,7182,1,0,3.8562,0
35,1,2,1,0,43,2,1,4.3217,1
26,1,0,0,1,3320,0,0,4.1039,0
31,1,2,0,0,22,4,3,4.3492,1
24,1,0,0,1,3804,1,0,3.6887,0
36,1,2,0,1,25,2,5,4.1416,1
24,1,0,0,1,4604,1,1,3.8554,0
32,1,2,1,0,12,3,1,4.0153,1
26,1,0,0,1,4482,1,0,3.921,0
34,1,2,0,0,42,5,2,4.0575,1
24,1,0,0,1,5866,0,1,3.7091,0
36,1,2,0,0,43,3,3,4.0651,1
24,1,0,0,1,2271,1,0,3.8554,0
34,1,2,0,1,37,2,2,4.3594,1
24,1,0,0,1,4288,0,0,3.8035,0
31,1,2,0,0,5,3,1,3.9779,1
23,1,0,0,1,5293,0,1,3.6425,0
34,1,2,0,0,37,2,1,3.9254,1
27,1,0,0,1,3293,1,1,3.9303,0
37,1,2,0,0,6,5,3,4.3242,1
24,1,0,0,1,1831,0,1,3.8554,0
35,1,2,1,1,44,5,5,4.0716,1
24,1,0,0,1,691,1,1,3.7721,0
34,1,2,0,0,6,4,2,3.9987,1
23,1,0,0,1,1435,0,1,3.6212,0
33,1,2,0,1,27,3,5,3.9802,1
29,1,0,0,1,1998,0,0,4.0473,0
35,1,2,0,0,38,2,1,4.2214,1
28,1,0,0,1,3913,1,1,4.0122,0
31,1,2,0,1,1,2,3,3.9016,1
27,1,0,0,1,4863,0,1,3.764,0
34,1,2,0,1,38,2,3,4.1385,1
29,1,0,0,1,5225,0,1,4.0473,0
29,1,2,1,0,45,4,5,3.9523,1
24,1,0,0,1,7403,0,0,3.8554,0
36,1,2,0,0,30,5,5,3.9194,1
30,1,0,0,1,1866,1,0,3.6981,0
31,1,2,1,0,7,5,1,4.1715,1
23,1,0,0,1,5163,1,1,3.7623,0
31,1,2,0,0,20,2,4,4.2847,1
23,1,0,0,1,7961,1,1,3.7623,0
35,1,2,0,0,43,5,5,3.7942,1
24,1,0,0,1,4023,0,1,3.6887,0
31,1,2,0,0,23,2,2,4.2847,1
26,1,0,0,1,2582,1,0,3.5843,0
32,1,2,1,0,26,4,5,4.1167,1
27,1,0,0,1,3501,1,1,3.708,0
33,1,2,1,0,5,5,1,4.2455,1
24,1,0,0,1,2630,0,1,3.7091,0
31,1,2,1,1,37,2,3,3.9134,1
27,1,0,0,1,2669,1,0,3.838,0
34,1,2,1,0,12,5,4,4.0179,1
24,1,0,0,1,1130,0,1,3.6887,0
31,1,2,0,0,44,4,1,4.3492,1
27,1,0,0,1,1803,0,1,3.8101,0
31,1,2,1,0,16,2,4,3.9378,1
26,1,0,0,1,5145,0,1,4.1039,0
36,1,2,0,0,28,4,3,4.0595,1
26,1,0,0,1,6496,0,0,4.1039,0
31,1,2,0,0,4,2,3,4.1313,1
24,1,0,0,1,4946,0,0,3.8554,0
31,1,2,0,1,42,5,3,4.0392,1
27,1,0,0,1,5457,0,1,3.708,0
31,1,2,0,0,6,5,4,3.8457,1
27,1,0,0,1,5735,1,0,3.838,0
37,1,2,1,0,4,2,5,4.2497,1
26,1,0,0,1,2937,1,0,4.1039,0
34,1,2,0,1,39,2,4,3.7634,1
24,1,0,0,1,5261,1,1,3.8035,0
34,1,2,0,0,42,2,5,4.396,1
28,1,0,0,1,3573,0,0,4.0122,0
33,1,2,0,1,22,3,1,4.2256,1
27,1,0,0,1,1528,1,1,3.8101,0
31,1,2,0,1,12,5,1,3.9378,1
26,1,0,0,1,6648,0,1,3.921,0
33,1,2,0,0,12,2,3,4.3549,1
25,1,0,0,1,5374,1,1,3.8937,0
35,1,2,0,1,21,3,5,4.4004,1
31,1,0,0,1,4001,1,0,3.9536,0
35,1,2,1,1,20,2,2,4.036,1
29,1,0,0,1,3816,0,1,4.0473,0
35,1,2,1,1,35,4,2,4.05,1
27,1,0,0,1,7050,0,0,3.708,0
32,1,2,0,0,34,3,5,4.1556,1
27,1,0,0,1,7918,0,1,3.8101,0
34,1,2,1,0,32,2,3,3.9735,1
28,1,0,0,1,583,0,1,4.155,0
34,1,2,0,0,33,3,4,4.2784,1
24,1,0,0,1,6223,0,0,3.8554,0
34,1,2,0,1,41,2,3,4.0797,1
23,1,0,0,1,5710,0,0,3.6212,0
32,1,2,1,0,16,2,5,4.0039,1
23,1,0,0,1,763,1,1,3.6425,0
32,1,2,1,1,40,2,5,4.3042,1
27,1,0,0,1,5498,0,1,3.838,0
34,1,2,0,0,30,3,2,4.3372,1
31,1,0,0,1,2811,0,0,3.9536,0
34,1,2,0,0,30,2,4,4.0797,1
28,1,0,0,1,2222,1,1,4.155,0
36,1,2,0,0,40,3,1,3.9931,1
27,1,0,0,1,5359,1,0,3.9303,0
34,1,2,0,0,30,4,4,4.1385,1
25,1,0,0,1,7013,0,1,3.8937,0
29,1,2,1,0,1,2,5,4.2542,1
24,1,0,0,1,7781,0,0,3.7202,0
32,1,2,0,1,12,3,2,4.2653,1
31,1,0,0,1,6161,0,0,3.9536,0
31,1,2,1,1,29,3,2,4.3248,1
24,1,0,0,1,3942,0,0,3.7721,0
33,1,2,0,0,33,5,4,4.0637,1
27,1,0,0,1,6432,0,1,3.8101,0
33,1,2,0,1,37,4,3,3.9832,1
23,1,0,0,1,6679,1,1,3.6425,0
34,1,2,0,0,41,4,4,3.9735,1
25,1,0,0,1,6100,1,0,3.8937,0
34,1,2,0,0,29,5,2,4.0323,1
23,1,0,0,1,3745,0,1,3.6753,0
33,1,2,0,1,35,5,3,4.332,1
24,1,0,0,1,4634,1,0,3.7091,0
33,1,2,0,0,29,3,1,4.1124,1
23,1,0,0,1,7844,0,0,3.6212,0
36,1,2,0,0,29,2,1,4.0997,1
24,1,0,0,1,4654,0,1,3.8554,0
36,1,2,0,0,14,5,5,4.0277,1
23,1,0,0,1,4738,1,1,3.6212,0
31,1,2,0,0,39,3,2,4.0424,1
27,1,0,0,1,4079,0,1,3.838,0
33,1,2,1,0,13,2,2,4.2336,1
27,1,0,0,1,2748,0,1,3.9303,0
37,1,2,0,0,22,5,4,4.1522,1
24,1,0,0,1,3634,0,1,3.7202,0
35,1,2,0,1,2,3,2,4.3217,1
29,1,0,0,1,7170,0,0,4.0473,0
33,1,2,0,0,25,3,2,4.0667,1
27,1,0,0,1,2719,1,0,3.8101,0
31,1,2,0,1,34,3,5,4.0392,1
27,1,0,0,1,7190,1,0,3.708,0
31,1,2,1,0,30,5,1,4.0826,1
27,1,0,0,1,1094,1,1,3.8101,0
34,1,2,0,1,30,4,2,4.0797,1
27,1,0,0,1,3517,1,1,3.8562,0
33,1,2,1,0,36,4,1,4.1124,1
29,1,0,0,1,7559,0,0,4.0473,0
33,1,2,0,0,1,4,4,4.0438,1
27,1,0,0,1,6622,1,1,3.8562,0
33,1,2,0,0,13,4,2,4.2714,1
27,1,0,0,1,2250,1,0,3.8101,0
33,1,2,1,0,38,3,1,3.9573,1
24,1,0,0,1,1916,1,1,3.8554,0
35,1,2,0,0,38,3,1,4.0931,1
25,1,0,0,1,574,0,0,3.8937,0
35,1,2,0,0,10,2,5,4.0716,1
24,1,0,0,1,3860,1,1,3.8554,0
33,1,2,0,0,26,5,3,4.0667,1
24,1,0,0,1,6216,1,0,3.8554,0
31,1,2,0,0,35,2,4,3.9378,1
23,1,0,0,1,6123,1,0,3.6753,0
31,1,2,0,0,34,4,4,4.2202,1
24,1,0,0,1,7880,1,1,3.7091,0
35,1,2,0,0,26,2,2,4.0256,1
26,1,0,0,1,7184,1,1,3.921,0
34,1,2,0,0,31,2,5,4.2784,1
26,1,0,0,1,3289,1,1,4.1039,0
34,1,2,0,0,24,3,4,4.1163,1
27,1,0,0,1,7030,1,0,3.708,0
34,1,2,1,0,20,3,5,4.1973,1
23,1,0,0,1,5195,1,1,3.6212,0
36,1,2,1,0,8,2,1,4.4404,1
29,1,0,0,1,4846,0,0,4.0473,0
31,1,2,0,1,35,5,5,3.9779,1
24,1,0,0,1,2249,0,0,3.7721,0
35,1,2,0,1,6,4,3,3.99,1
27,1,0,0,1,5145,1,0,3.9303,0
30,1,2,0,1,42,3,2,3.8981,1
23,1,0,0,1,595,0,1,3.6212,0
32,1,2,0,0,26,5,1,4.0153,1
24,1,0,0,1,4479,0,0,3.8035,0
37,1,2,0,0,4,3,4,4.0777,1
27,1,0,0,1,3689,0,0,3.8101,0
33,1,2,1,0,2,3,5,4.1273,1
25,1,0,0,1,4259,0,0,3.8937,0
38,1,2,0,0,7,4,4,4.0933,1
27,1,0,0,1,4399,0,1,3.708,0
33,1,2,1,0,36,4,4,4.3697,1
29,1,0,0,1,7587,1,0,4.0473,0
35,1,2,1,1,7,3,3,4.1859,1
27,1,0,0,1,1056,0,0,3.8562,0
30,1,2,0,0,41,2,4,4.1232,1
27,1,0,0,1,5587,1,1,3.764,0
31,1,2,0,0,41,4,3,4.0424,1
27,1,0,0,1,1992,0,0,3.838,0
30,1,2,1,0,4,4,3,3.8981,1
27,1,0,0,1,6993,0,1,3.8562,0
31,1,2,0,0,14,2,4,4.0149,1
27,1,0,0,1,2177,0,1,3.8562,0
35,1,2,1,1,39,4,4,4.3217,1
26,1,0,0,1,4323,1,1,3.5843,0
38,1,2,0,0,2,4,4,4.0407,1
27,1,0,0,1,2543,0,0,3.8101,0
38,1,2,1,1,1,2,2,4.1235,1
27,1,0,0,1,4336,0,1,3.9303,0
30,1,2,0,0,31,4,5,4.1647,1
24,1,0,0,1,570,1,0,3.8554,0
38,1,2,0,0,15,2,4,4.1235,1
26,1,0,0,1,1945,1,0,3.921,0
34,1,2,0,0,13,5,2,4.0797,1
27,1,0,0,1,1733,1,0,3.838,0
34,1,2,0,0,12,3,5,4.1607,1
24,1,0,0,1,1927,0,1,3.7202,0
30,1,2,0,0,37,5,2,3.9647,1
23,1,0,0,1,2525,0,1,3.6753,0
34,1,2,0,1,9,2,4,4.2784,1
27,1,0,0,1,6227,1,1,3.708,0
32,1,2,0,0,8,3,3,4.4528,1
26,1,0,0,1,6662,0,1,3.921,0
37,1,2,0,0,31,2,3,4.2266,1
23,1,0,0,1,4148,0,1,3.6753,0
38,1,2,0,0,38,4,3,3.9579,1
26,1,0,0,1,3462,1,0,4.1039,0
36,1,2,0,0,10,3,1,4.4058,1
30,1,0,0,1,7650,1,1,3.6981,0
30,1,2,0,0,37,3,5,4.0566,1
24,1,0,0,1,5304,1,1,3.7091,0
36,1,2,0,0,30,2,1,4.2317,1
31,1,0,0,1,5247,1,0,3.9536,0
34,1,2,0,0,43,4,3,4.1973,1
27,1,0,0,1,6680,1,1,3.9303,0
34,1,2,0,1,44,4,5,4.3516,1
27,1,0,0,1,837,0,1,3.764,0
33,1,2,0,1,29,4,3,4.1124,1
27,1,0,0,1,1913,1,1,3.9303,0
34,1,2,0,1,17,3,4,4.2784,1
28,1,0,0,1,535,1,0,4.155,0
32,1,2,0,1,44,3,5,4.3042,1
28,1,0,0,1,6419,0,1,4.155,0
35,1,2,0,0,21,5,3,4.1427,1
24,1,0,0,1,5299,0,0,3.8554,0
33,1,2,0,1,17,2,5,4.2862,1
23,1,0,0,1,7069,0,0,3.6425,0
38,1,2,1,0,43,2,1,4.2211,1
26,1,0,0,1,1952,0,1,3.5843,0
35,1,2,1,1,2,4,2,3.7427,1
27,1,0,0,1,5787,1,1,3.8101,0
31,1,2,0,0,9,5,3,3.9134,1
31,1,0,0,1,2396,0,1,3.9536,0
29,1,2,0,0,43,5,5,3.9489,1
24,1,0,0,1,3236,0,1,3.7721,0
36,1,2,0,0,20,3,5,3.7954,1
30,1,0,0,1,6217,1,1,3.6981,0
31,1,2,0,1,11,5,5,3.9134,1
23,1,0,0,1,6877,1,0,3.6753,0
38,1,2,1,0,38,4,2,4.1658,1
29,1,0,0,1,5504,1,1,4.0473,0
31,1,2,0,0,21,5,4,3.797,1
29,1,0,0,1,925,0,0,4.0473,0
36,1,2,0,0,9,4,4,3.8611,1
24,1,0,0,1,7613,0,0,3.8554,0
31,1,2,0,0,24,5,2,3.8858,1
28,1,0,0,1,2892,1,1,4.155,0
33,1,2,0,0,23,2,2,4.1243,1
28,1,0,0,1,5695,1,0,4.0122,0
33,1,2,0,0,27,4,5,4.1044,1
27,1,0,0,1,5227,1,1,3.9303,0
35,1,2,0,0,19,4,5,4.2074,1
26,1,0,0,1,615,0,0,3.921,0
34,1,2,0,0,1,5,4,4.396,1
23,1,0,0,1,3806,0,1,3.6753,0
30,1,2,0,0,36,5,1,4.2314,1
27,1,0,0,1,750,0,1,3.8101,0
33,1,2,1,1,1,5,4,4.2485,1
31,1,0,0,1,7275,1,1,3.9536,0
37,1,2,0,0,6,4,2,4.1141,1
26,1,0,0,1,4244,0,0,3.5843,0
32,1,2,0,0,9,4,4,4.2653,1
24,1,0,0,1,7325,1,1,3.7721,0
35,1,2,0,0,35,5,3,4.2074,1
24,1,0,0,1,2869,1,1,3.8554,0
34,1,2,0,1,35,4,2,4.0941,1
23,1,0,0,1,2915,0,1,3.6753,0
35,1,2,0,1,20,2,1,4.1859,1
24,1,0,0,1,4987,1,1,3.7091,0
31,1,2,0,0,29,4,3,3.889,1
24,1,0,0,1,5661,0,0,3.7721,0
35,1,2,1,1,45,3,3,4.036,1
24,1,0,0,1,7975,1,1,3.8554,0
32,1,2,0,0,1,4,5,4.1792,1
24,1,0,0,1,4825,1,0,3.7202,0
34,1,2,0,1,22,4,2,3.9176,1
24,1,0,0,1,7190,0,1,3.8035,0
34,1,2,0,1,5,5,5,4.2195,1
23,1,0,0,1,2057,0,0,3.6425,0
35,1,2,1,1,24,3,4,4.1287,1
24,1,0,0,1,5840,0,0,3.6887,0
30,1,2,0,0,29,5,5,4.2151,1
27,1,0,0,1,4552,0,0,3.8101,0
34,1,2,0,0,19,5,2,4.315,1
24,1,0,0,1,5361,1,1,3.8035,0
32,1,2,0,1,26,5,2,3.9414,1
24,1,0,0,1,5170,1,0,3.6887,0
33,1,2,0,0,37,2,1,4.2256,1
24,1,0,0,1,2140,0,1,3.8035,0
34,1,2,1,1,6,3,4,4.0912,1
24,1,0,0,1,2459,1,0,3.8554,0
34,1,2,1,1,27,3,5,4.2195,1
28,1,0,0,1,741,0,1,4.155,0
32,1,2,0,0,41,2,3,4.1761,1
23,1,0,0,1,7264,1,0,3.7623,0
34,1,2,0,0,11,5,3,4.2784,1
27,1,0,0,1,2648,0,1,3.9303,0
33,1,2,1,0,1,4,3,4.173,1
27,1,0,0,1,7724,0,0,3.9303,0
28,1,2,0,0,19,3,2,3.8963,1
27,1,0,0,1,7600,1,1,3.9303,0
36,1,2,0,0,17,4,4,4.0833,1
24,1,0,0,1,7363,0,0,3.7091,0
33,1,2,0,1,33,3,5,4.1502,1
24,1,0,0,1,1100,0,0,3.8554,0
36,1,2,0,0,26,3,4,3.8083,1
24,1,0,0,1,2952,0,0,3.8035,0
29,1,2,0,0,1,4,3,4.0213,1
27,1,0,0,1,5453,0,0,3.8562,0
32,1,2,1,1,33,3,4,3.965,1
24,1,0,0,1,4059,0,1,3.7202,0
31,1,2,0,0,29,4,5,3.8858,1
24,1,0,0,1,1236,1,1,3.8035,0
36,1,2,0,0,9,4,1,4.2181,1
31,1,0,0,1,6947,1,0,3.9536,0
35,1,2,0,1,35,2,1,4.0903,1
24,1,0,0,1,3331,0,0,3.8554,0
34,1,2,0,0,11,5,4,4.0653,1
25,1,0,0,1,5378,0,0,3.8937,0
34,1,2,0,0,14,2,5,4.2195,1
27,1,0,0,1,1906,0,1,3.708,0
38,1,2,0,0,45,2,4,4.2539,1
27,1,0,0,1,6127,1,1,3.838,0
35,1,2,0,0,2,5,3,4.0931,1
27,1,0,0,1,7038,0,0,3.838,0
38,1,2,0,1,1,4,5,4.1158,1
23,1,0,0,1,4382,1,1,3.6425,0
35,1,2,0,1,18,3,3,3.7014,1
24,1,0,0,1,2269,1,0,3.7202,0
35,1,2,0,1,42,3,4,3.976,1
23,1,0,0,1,4223,0,1,3.6753,0
36,1,2,0,0,16,2,1,4.1416,1
24,1,0,0,1,4790,1,1,3.8554,0
33,1,2,0,1,28,4,2,3.859,1
27,1,0,0,1,972,1,0,3.764,0
30,1,2,1,0,40,2,1,4.3232,1
25,1,0,0,1,1228,1,1,3.8937,0
34,1,2,0,0,37,4,2,4.1385,1
24,1,0,0,1,3808,1,1,3.6887,0
34,1,2,0,0,12,5,4,3.9484,1
27,1,0,0,1,6163,0,0,3.8562,0
30,1,2,0,0,37,4,4,4.3232,1
24,1,0,0,1,2660,1,1,3.8035,0
30,1,2,0,0,41,5,3,4.0566,1
23,1,0,0,1,1955,0,1,3.6753,0
34,1,2,0,0,10,5,2,4.0941,1
27,1,0,0,1,3599,1,1,3.764,0
34,1,2,0,0,30,5,2,4.396,1
27,1,0,0,1,3157,0,1,3.708,0
29,1,2,0,0,24,4,3,4.1423,1
26,1,0,0,1,4227,1,0,3.5843,0
35,1,2,0,1,15,4,3,4.036,1
27,1,0,0,1,1862,1,1,3.9303,0
36,1,2,0,0,20,5,3,4.2391,1
27,1,0,0,1,1285,1,1,3.764,0
32,1,2,0,0,37,5,4,4.0542,1
28,1,0,0,1,2760,1,0,4.155,0
34,1,2,0,0,16,3,1,4.0323,1
27,1,0,0,1,6481,1,1,3.838,0
33,1,2,0,0,39,3,5,4.1124,1
23,1,0,0,1,2101,1,1,3.6425,0
31,1,2,0,1,41,4,1,4.0668,1
28,1,0,0,1,2081,1,1,4.0122,0
35,1,2,0,1,18,4,5,4.243,1
27,1,0,0,1,3165,1,1,3.764,0
30,1,2,0,0,42,3,4,3.9111,1
26,1,0,0,1,7745,1,1,3.921,0
33,1,2,1,0,7,3,5,4.0518,1
26,1,0,0,1,5359,1,1,3.5843,0
35,1,2,0,1,38,4,4,4.0332,1
24,1,0,0,1,2795,0,0,3.8554,0
32,1,2,0,0,30,5,1,3.9681,1
24,1,0,0,1,7354,1,1,3.8554,0
34,1,2,0,0,10,3,3,4.2561,1
28,1,0,0,1,4338,1,0,4.155,0
33,1,2,1,1,1,3,2,4.165,1
25,1,0,0,1,6330,1,1,3.8937,0
33,1,2,1,1,4,3,2,4.1124,1
27,1,0,0,1,3393,0,1,3.8562,0
37,1,2,1,0,13,5,2,4.0441,1
26,1,0,0,1,6786,1,0,3.921,0
37,1,2,0,0,34,2,4,4.1681,1
24,1,0,0,1,1533,1,0,3.8554,0
29,1,2,0,1,25,4,3,3.7883,1
27,1,0,0,1,615,0,0,3.9303,0
33,1,2,0,0,2,5,2,3.9543,1
23,1,0,0,1,6991,0,0,3.6753,0
36,1,2,1,1,10,2,1,4.1734,1
27,1,0,0,1,1947,0,1,3.764,0
34,1,2,0,1,7,4,2,4.1973,1
23,1,0,0,1,5053,1,0,3.6425,0
35,1,2,1,1,8,2,2,3.8757,1
23,1,0,0,1,3068,0,0,3.6753,0
32,1,2,1,0,44,5,1,4.4139,1
27,1,0,0,1,3288,1,0,3.8101,0
35,1,2,0,0,34,2,2,4.1719,1
23,1,0,0,1,5866,0,0,3.7623,0
31,1,2,0,0,20,4,4,4.236,1
24,1,0,0,1,7304,0,0,3.6887,0
34,1,2,0,0,12,4,5,4.0323,1
23,1,0,0,1,7337,0,0,3.6753,0
32,1,2,0,0,30,4,5,4.1556,1
26,1,0,0,1,2679,0,1,4.1039,0
35,1,2,0,0,38,3,3,4.0256,1
27,1,0,0,1,2656,0,1,3.8101,0
38,1,2,0,1,44,4,1,4.1235,1
24,1,0,0,1,4707,1,0,3.6887,0
31,1,2,0,1,9,5,3,3.9134,1
23,1,0,0,1,7785,1,0,3.6425,0
30,1,2,0,0,17,3,5,4.3232,1
24,1,0,0,1,2553,1,0,3.7202,0
35,1,2,0,0,38,4,4,4.3217,1
24,1,0,0,1,7974,0,1,3.7721,0
32,1,2,1,0,6,2,4,4.0931,1
27,1,0,0,1,5356,1,1,3.8101,0
33,1,2,1,1,17,2,5,3.9802,1
24,1,0,0,1,7740,1,1,3.8035,0
32,1,2,0,0,34,5,3,4.2264,1
23,1,0,0,1,5822,1,1,3.6425,0
35,1,2,1,0,15,2,4,4.1503,1
30,1,0,0,1,3153,0,1,3.6981,0
32,1,2,1,0,29,5,5,3.965,1
24,1,0,0,1,6255,1,1,3.7091,0
34,1,2,0,1,5,5,1,4.0912,1
27,1,0,0,1,1917,0,0,3.838,0
37,1,2,1,0,17,2,3,4.1522,1
28,1,0,0,1,653,0,1,4.155,0
33,1,2,0,0,13,3,2,4.1273,1
27,1,0,0,1,3368,0,0,3.8101,0
32,1,2,0,0,34,4,5,4.2417,1
29,1,0,0,1,2324,1,1,4.0473,0
33,1,2,0,1,18,4,4,3.9802,1
24,1,0,0,1,5275,1,0,3.7202,0
33,1,2,0,1,32,4,4,3.9683,1
25,1,0,0,1,7500,0,0,3.8937,0
36,1,2,0,0,3,2,4,4.0833,1
27,1,0,0,1,2298,0,1,3.8101,0
35,1,2,0,1,39,4,2,3.99,1
29,1,0,0,1,3913,1,0,4.0473,0
31,1,2,1,0,13,5,3,3.926,1
23,1,0,0,1,2489,0,0,3.6425,0
36,1,2,0,1,15,3,2,4.1835,1
26,1,0,0,1,4172,0,1,4.1039,0
33,1,2,1,0,30,4,1,4.0815,1
26,1,0,0,1,4390,1,0,3.921,0
32,1,2,0,0,34,2,1,4.2417,1
27,1,0,0,1,1413,0,1,3.8101,0
35,1,2,1,0,36,5,5,4.2074,1
23,1,0,0,1,6410,1,0,3.6753,0
34,1,2,0,1,26,2,1,4.1356,1
23,1,0,0,1,4197,0,1,3.7623,0
37,1,2,1,0,5,5,4,3.99,1
28,1,0,0,1,5284,1,1,4.155,0
32,1,2,0,0,35,4,3,4.0153,1
26,1,0,0,1,5195,0,1,3.921,0
36,1,2,0,0,38,4,3,4.0997,1
24,1,0,0,1,6142,0,0,3.7721,0
33,1,2,0,1,3,5,2,4.1273,1
26,1,0,0,1,5149,0,0,3.5843,0
33,1,2,1,1,37,3,5,3.9683,1
23,1,0,0,1,5623,0,1,3.7623,0
29,1,2,1,0,23,5,4,4.1423,1
28,1,0,0,1,4734,0,0,4.155,0
36,1,2,1,0,26,3,4,3.9931,1
26,1,0,0,1,4782,0,1,4.1039,0
31,1,2,0,0,8,4,1,4.0668,1
23,1,0,0,1,3196,1,0,3.6212,0
33,1,2,1,1,20,4,2,3.859,1
24,1,0,0,1,5364,1,0,3.7091,0
35,1,2,0,1,18,5,2,4.0472,1
25,1,0,0,1,7461,0,0,3.8937,0
38,1,2,1,1,10,3,3,4.2737,1
26,1,0,0,1,5966,0,0,4.1039,0
36,1,2,0,0,14,5,1,4.1598,1
24,1,0,0,1,6032,1,1,3.8035,0
33,1,2,1,0,7,2,2,4.0667,1
24,1,0,0,1,2230,1,0,3.8035,0
30,1,2,0,0,32,2,2,4.1484,1
27,1,0,0,1,7737,0,1,3.764,0
31,1,2,0,1,20,3,3,4.0668,1
24,1,0,0,1,4477,0,0,3.8554,0
29,1,2,0,0,36,4,5,4.1423,1
30,1,0,0,1,4367,0,1,3.6981,0
32,1,2,0,0,25,5,1,4.1761,1
24,1,0,0,1,5658,1,0,3.8035,0
34,1,2,0,1,3,5,3,4.315,1
27,1,0,0,1,2243,0,1,3.8101,0
35,1,2,1,0,6,2,5,4.3189,1
27,1,0,0,1,7110,1,0,3.838,0
35,1,2,0,0,40,3,4,4.1043,1
24,1,0,0,1,3518,0,1,3.6887,0
35,1,2,0,0,7,2,5,3.8786,1
27,1,0,0,1,3395,1,1,3.764,0
31,1,2,1,0,26,2,1,4.0023,1
24,1,0,0,1,6221,0,1,3.7721,0
32,1,2,1,0,21,5,2,4.0511,1
24,1,0,0,1,2058,1,0,3.8554,0
30,1,2,0,1,34,4,1,4.2566,1
24,1,0,0,1,3112,0,0,3.7202,0
34,1,2,0,1,37,3,4,3.9735,1
25,1,0,0,1,3061,1,1,3.8937,0
33,1,2,0,0,29,5,3,4.3091,1
27,1,0,0,1,3162,1,0,3.8101,0
36,1,2,0,0,17,2,4,4.1626,1
28,1,0,0,1,6176,1,0,4.155,0
35,1,2,0,0,15,5,4,4.0144,1
23,1,0,0,1,1154,0,1,3.6212,0
33,1,2,1,0,40,3,4,4.1273,1
27,1,0,0,1,2349,1,1,3.764,0
35,1,2,0,0,32,3,2,3.9329,1
27,1,0,0,1,1201,0,0,3.708,0
31,1,2,0,0,2,5,4,4.0668,1
31,1,0,0,1,1986,1,0,3.9536,0
35,1,2,1,0,13,4,3,3.99,1
28,1,0,0,1,3701,0,0,4.0122,0
34,1,2,0,0,9,5,3,4.2784,1
28,1,0,0,1,7045,1,1,4.155,0
35,1,2,0,1,24,2,3,4.0116,1
31,1,0,0,1,631,1,0,3.9536,0
28,1,2,0,0,9,4,2,3.8249,1
24,1,0,0,1,4391,0,0,3.8554,0
33,1,2,0,1,6,4,5,4.5973,1
28,1,0,0,1,4478,1,1,4.155,0
38,1,2,0,1,39,5,3,4.2185,1
24,1,0,0,1,1422,0,0,3.7091,0
32,1,2,1,0,6,4,3,4.2653,1
27,1,0,0,1,5672,1,1,3.8101,0
33,1,2,0,0,16,2,2,3.9802,1
23,1,0,0,1,7849,1,0,3.7623,0
36,1,2,1,0,41,5,5,4.0277,1
24,1,0,0,1,5891,0,0,3.7091,0
37,1,2,1,0,22,3,1,4.2293,1
27,1,0,0,1,7042,1,0,3.9303,0
36,1,2,0,0,21,3,3,4.1835,1
23,1,0,0,1,2554,0,1,3.6753,0
34,1,2,0,0,18,2,1,4.1751,1
28,1,0,0,1,4718,1,0,4.0122,0
31,1,2,0,0,19,3,4,4.0392,1
23,1,0,0,1,7490,1,1,3.7623,0
34,1,2,0,1,28,2,2,4.1163,1
24,1,0,0,1,1742,1,0,3.8035,0
35,1,2,0,0,36,3,2,4.1287,1
28,1,0,0,1,6577,0,0,4.155,0
30,1,2,0,1,45,4,3,3.8729,1
27,1,0,0,1,6293,0,1,3.708,0
35,1,2,0,1,40,3,1,4.3217,1
23,1,0,0,1,1798,0,1,3.6753,0
38,1,2,0,1,10,5,2,4.2185,1
30,1,0,0,1,3711,0,0,3.6981,0
37,1,2,0,0,27,5,4,4.4251,1
30,1,0,0,1,5483,0,0,3.6981,0
32,1,2,0,0,35,2,1,4.0778,1
24,1,0,0,1,601,0,0,3.7202,0
35,1,2,0,0,43,2,2,4.1859,1
26,1,0,0,1,4410,1,1,3.5843,0
33,1,2,0,0,35,5,4,4.0667,1
29,1,0,0,1,6693,1,1,4.0473,0
32,1,2,1,0,31,4,3,4.4764,1
24,1,0,0,1,7361,1,0,3.8554,0
34,1,2,0,1,25,4,5,4.0575,1
27,1,0,0,1,3472,0,0,3.708,0
33,1,2,1,0,12,3,1,4.4532,1
27,1,0,0,1,4900,1,0,3.9303,0
31,1,2,1,0,1,3,2,4.1557,1
31,1,0,0,1,3488,1,0,3.9536,0
35,1,2,0,0,39,2,3,4.4004,1
27,1,0,0,1,5909,1,1,3.8101,0
35,1,2,1,0,25,3,5,4.0576,1
23,1,0,0,1,3431,1,1,3.6212,0
35,1,2,1,0,18,2,2,4.0827,1
28,1,0,0,1,7480,0,0,4.155,0
35,1,2,0,0,1,3,1,4.0332,1
24,1,0,0,1,3324,1,1,3.7721,0
31,1,2,0,0,7,5,2,4.1069,1
24,1,0,0,1,6230,1,1,3.6887,0
33,1,2,0,1,7,5,3,4.0637,1
24,1,0,0,1,7476,0,0,3.7721,0
31,1,2,0,1,1,5,2,3.9905,1
27,1,0,0,1,2323,1,1,3.8101,0
31,1,2,1,0,20,5,5,4.1037,1
27,1,0,0,1,4902,0,0,3.708,0
31,1,2,0,1,45,3,1,3.9905,1
24,1,0,0,1,2453,0,0,3.7091,0
34,1,2,0,1,24,2,2,4.1307,1
27,1,0,0,1,6882,0,1,3.8101,0
33,1,2,0,0,34,4,4,4.2485,1
24,1,0,0,1,6706,1,1,3.7091,0
30,1,2,0,0,2,2,5,4.0566,1
24,1,0,0,1,3592,1,1,3.8035,0
36,1,2,0,0,23,4,5,4.0277,1
31,1,0,0,1,5326,1,1,3.9536,0
31,1,2,1,0,6,4,1,3.9134,1
23,1,0,0,1,7134,1,0,3.7623,0
31,1,2,0,1,40,5,5,4.0826,1
24,1,0,0,1,6300,1,1,3.7202,0
36,1,2,0,1,39,5,4,4.0724,1
27,1,0,0,1,2897,1,1,3.8101,0
36,1,2,0,1,43,4,2,4.1835,1
24,1,0,0,1,5947,0,0,3.8554,0
34,1,2,0,0,4,2,1,4.1751,1
24,1,0,0,1,6789,0,1,3.7091,0
32,1,2,0,1,14,4,5,4.3042,1
24,1,0,0,1,2589,0,0,3.7091,0
33,1,2,0,0,11,4,1,4.003,1
24,1,0,0,1,4093,1,0,3.8554,0
35,1,2,0,0,20,2,1,4.3217,1
27,1,0,0,1,2707,0,0,3.8562,0
34,1,2,1,0,39,3,5,4.0912,1
29,1,0,0,1,4003,1,1,4.0473,0
35,1,2,0,0,2,4,5,4.1503,1
27,1,0,0,1,3889,0,1,3.8101,0
35,1,2,0,0,36,5,4,4.3217,1
28,1,0,0,1,7871,1,1,4.155,0
31,1,2,0,0,17,3,3,3.8732,1
24,1,0,0,1,3071,1,1,3.8554,0
30,1,2,0,0,17,3,5,4.1484,1
27,1,0,0,1,5186,1,1,3.708,0
34,1,2,1,0,1,4,5,4.4914,1
26,1,0,0,1,7622,0,0,4.1039,0
38,1,2,0,0,17,3,2,4.2211,1
24,1,0,0,1,6775,0,0,3.8554,0
32,1,2,0,0,2,3,2,4.007,1
27,1,0,0,1,3350,0,1,3.8101,0
37,1,2,0,0,17,3,5,4.1957,1
24,1,0,0,1,1720,0,0,3.8554,0
31,1,2,1,0,22,2,1,3.9134,1
26,1,0,0,1,1129,1,1,3.921,0
35,1,2,0,1,31,2,1,4.2074,1
24,1,0,0,1,1616,0,1,3.8554,0
33,1,2,0,0,14,3,5,4.0667,1
30,1,0,0,1,3393,1,1,3.6981,0
34,1,2,0,1,25,4,5,4.1751,1
29,1,0,0,1,6084,1,0,4.0473,0
33,1,2,0,0,8,2,1,3.9832,1
24,1,0,0,1,1421,1,1,3.7721,0
36,1,2,1,0,1,5,1,4.0833,1
28,1,0,0,1,1386,1,1,4.0122,0
32,1,2,0,1,10,5,1,4.4139,1
29,1,0,0,1,3543,1,0,4.0473,0
34,1,2,0,0,13,2,2,4.0912,1
24,1,0,0,1,2937,1,1,3.8554,0
36,1,2,0,0,45,3,4,4.1598,1
24,1,0,0,1,3567,0,1,3.6887,0
32,1,2,0,0,35,2,2,4.09,1
23,1,0,0,1,7786,1,1,3.6753,0
35,1,2,0,1,37,3,3,4.0332,1
28,1,0,0,1,2119,1,1,4.0122,0
32,1,2,0,0,4,3,1,4.1792,1
24,1,0,0,1,4148,0,1,3.6887,0
35,1,2,0,0,30,2,3,4.0472,1
26,1,0,0,1,7560,0,0,3.5843,0
30,1,2,1,0,1,4,3,4.0566,1
26,1,0,0,1,1791,1,1,3.5843,0
33,1,2,0,1,6,4,4,4.1273,1
24,1,0,0,1,7137,0,0,3.8554,0
33,1,2,0,0,21,5,2,3.8967,1
29,1,0,0,1,2374,0,1,4.0473,0
30,1,2,0,0,7,2,1,4.3484,1
25,1,0,0,1,7896,0,1,3.8937,0
31,1,2,1,0,21,4,3,4.2761,1
30,1,0,0,1,5998,0,0,3.6981,0
35,1,2,0,0,19,5,5,4.1503,1
28,1,0,0,1,6696,0,0,4.155,0
34,1,2,0,1,25,4,1,4.3594,1
24,1,0,0,1,3332,1,0,3.7091,0
36,1,2,0,1,16,5,2,3.8638,1
23,1,0,0,1,2213,1,1,3.6753,0
31,1,2,0,0,19,5,3,4.236,1
24,1,0,0,1,1774,0,0,3.8554,0
34,1,2,0,0,9,5,4,4.0575,1
24,1,0,0,1,817,0,1,3.8554,0
33,1,2,1,1,28,4,5,4.2455,1
26,1,0,0,1,4807,1,0,3.921,0
32,1,2,0,0,42,3,2,4.2653,1
24,1,0,0,1,5670,0,1,3.6887,0
31,1,2,0,0,2,4,3,4.1313,1
24,1,0,0,1,1385,1,1,3.8554,0
31,1,2,0,0,10,2,2,3.9378,1
27,1,0,0,1,1631,0,1,3.8101,0
34,1,2,0,1,34,5,3,4.1163,1
25,1,0,0,1,5180,0,0,3.8937,0
34,1,2,0,1,19,4,5,4.1607,1
23,1,0,0,1,6453,1,0,3.6753,0
37,1,2,1,0,12,2,4,3.8234,1
23,1,0,0,1,4197,1,1,3.6753,0
31,1,2,0,1,1,5,4,4.1557,1
23,1,0,0,1,3165,1,0,3.7623,0
30,1,2,0,0,1,5,1,4.1484,1
26,1,0,0,1,6684,1,0,4.1039,0
31,1,2,0,0,30,2,2,4.2847,1
27,1,0,0,1,1103,1,1,3.838,0
33,1,2,0,1,35,4,4,4.0209,1
30,1,0,0,1,7751,1,0,3.6981,0
34,1,2,1,0,40,2,3,4.1829,1
24,1,0,0,1,5583,1,0,3.8035,0
36,1,2,0,0,40,4,1,4.2181,1
27,1,0,0,1,2278,1,0,3.9303,0
38,1,2,1,1,23,3,4,4.0933,1
23,1,0,0,1,2614,0,0,3.6753,0
35,1,2,1,0,12,4,2,4.3789,1
24,1,0,0,1,1786,1,1,3.8035,0
33,1,2,0,1,5,4,3,4.1273,1
24,1,0,0,1,3440,1,1,3.8554,0
36,1,2,0,0,44,2,3,4.0833,1
27,1,0,0,1,7065,1,1,3.8101,0
33,1,2,0,0,9,3,2,3.9832,1
27,1,0,0,1,5934,1,0,3.8101,0
34,1,2,0,0,4,3,2,4.1751,1
24,1,0,0,1,7048,0,0,3.8554,0
34,1,2,1,0,34,3,5,4.1607,1
27,1,0,0,1,7459,0,0,3.8101,0
36,1,2,0,0,9,2,5,4.1734,1
27,1,0,0,1,4717,1,1,3.764,0
33,1,2,1,0,28,4,1,4.0785,1
23,1,0,0,1,5025,1,0,3.7623,0
37,1,2,0,1,25,3,4,4.0441,1
26,1,0,0,1,6895,1,0,3.5843,0
35,1,2,0,0,33,2,5,4.0791,1
23,1,0,0,1,6249,1,1,3.7623,0
36,1,2,0,1,9,5,5,4.128,1
24,1,0,0,1,2740,1,0,3.8554,0
36,1,2,0,0,20,2,1,4.1835,1
24,1,0,0,1,651,0,1,3.6887,0
29,1,2,0,1,40,5,5,4.1852,1
28,1,0,0,1,2833,0,0,4.155,0
33,1,2,0,1,17,2,5,4.0896,1
24,1,0,0,1,6570,0,1,3.7721,0
34,1,2,0,0,27,5,4,4.1751,1
31,1,0,0,1,1982,0,1,3.9536,0
35,1,2,0,1,9,3,2,4.1503,1
25,1,0,0,1,6728,0,1,3.8937,0
33,1,2,0,1,26,5,3,4.1273,1
27,1,0,0,1,6169,1,1,3.9303,0
32,1,2,0,0,8,2,4,4.0931,1
27,1,0,0,1,903,0,0,3.8101,0
33,1,2,0,1,42,2,1,4.0587,1
27,1,0,0,1,4704,1,1,3.708,0
35,1,2,0,0,20,4,5,3.99,1
24,1,0,0,1,6265,1,0,3.8554,0
33,1,2,0,0,20,3,3,4.0438,1
28,1,0,0,1,7021,1,1,4.155,0
35,1,2,0,0,16,5,5,4.2074,1
23,1,0,0,1,3378,0,1,3.7623,0
35,1,2,0,0,32,5,5,4.2617,1
29,1,0,0,1,5003,0,0,4.0473,0
36,1,2,0,0,41,4,2,4.107,1
27,1,0,0,1,4543,1,1,3.8101,0
36,1,2,0,1,25,3,5,4.2527,1
27,1,0,0,1,948,1,1,3.8562,0
37,1,2,0,1,17,4,1,4.1008,1
26,1,0,0,1,5051,0,0,3.5843,0
30,1,2,0,0,13,4,1,4.1232,1
28,1,0,0,1,5734,1,0,4.155,0
33,1,2,1,0,3,3,1,4.332,1
27,1,0,0,1,6404,1,1,3.8101,0
31,1,2,0,0,17,5,5,4.5427,1
24,1,0,0,1,1106,1,0,3.8554,0
29,1,2,0,0,18,4,3,3.9783,1
26,1,0,0,1,1773,0,0,3.5843,0
31,1,2,1,0,13,2,2,3.8489,1
27,1,0,0,1,5932,0,0,3.764,0
34,1,2,0,0,39,2,4,4.0653,1
29,1,0,0,1,856,0,0,4.0473,0
34,1,2,1,0,11,3,1,3.9254,1
24,1,0,0,1,904,1,1,3.6887,0
34,1,2,0,0,44,3,2,4.1019,1
27,1,0,0,1,2136,1,1,3.838,0
38,1,2,0,0,24,4,5,4.1158,1
30,1,0,0,1,2842,0,1,3.6981,0
36,1,2,0,0,3,3,4,4.107,1
27,1,0,0,1,968,0,1,3.764,0
31,1,2,0,0,2,3,2,3.8371,1
25,1,0,0,1,3413,1,1,3.8937,0
35,1,2,0,1,7,3,2,4.0687,1
24,1,0,0,1,5233,0,1,3.7202,0
37,1,2,0,0,22,2,4,4.2293,1
24,1,0,0,1,681,1,1,3.8035,0
34,1,2,0,0,3,4,1,4.2784,1
24,1,0,0,1,6284,1,1,3.7721,0
33,1,2,0,1,5,5,3,4.0438,1
27,1,0,0,1,796,1,1,3.8101,0
30,1,2,1,0,7,3,2,4.3232,1
28,1,0,0,1,6753,0,1,4.155,0
32,1,2,1,1,1,2,3,4.1639,1
23,1,0,0,1,3447,1,1,3.6425,0
36,1,2,0,0,26,2,5,4.1734,1
26,1,0,0,1,6072,0,1,4.1039,0
29,1,2,0,1,40,4,2,3.8573,1
26,1,0,0,1,6498,0,0,3.5843,0
33,1,2,0,1,13,3,3,4.1273,1
24,1,0,0,1,3380,1,1,3.6887,0
29,1,2,0,0,6,4,2,3.9094,1
26,1,0,0,1,1506,1,0,3.921,0
34,1,2,0,1,6,5,4,4.1973,1
24,1,0,0,1,4013,1,1,3.8554,0
31,1,2,0,1,24,3,3,4.1958,1
29,1,0,0,1,5676,1,1,4.0473,0
34,1,2,0,1,13,5,4,4.231,1
30,1,0,0,1,2908,1,1,3.6981,0
36,1,2,0,0,19,4,5,4.0277,1
26,1,0,0,1,6791,0,1,3.5843,0
34,1,2,0,0,31,3,3,4.2784,1
23,1,0,0,1,7882,1,1,3.6753,0
35,1,2,1,0,29,5,3,4.0443,1
29,1,0,0,1,3260,0,0,4.0473,0
33,1,2,0,1,41,3,3,4.1273,1
24,1,0,0,1,5774,1,0,3.7202,0
34,1,2,1,0,8,4,5,4.0797,1
23,1,0,0,1,6712,0,0,3.7623,0
36,1,2,1,0,44,5,1,4.0067,1
29,1,0,0,1,7518,0,0,4.0473,0
33,1,2,0,0,40,5,1,3.9683,1
28,1,0,0,1,1402,0,1,4.155,0
36,1,2,0,1,14,2,4,3.954,1
25,1,0,0,1,2588,0,1,3.8937,0
37,1,2,0,1,34,5,4,4.2195,1
30,1,0,0,1,5780,0,1,3.6981,0
36,1,2,0,0,17,2,3,4.0833,1
26,1,0,0,1,6037,1,0,3.921,0
34,1,2,0,1,45,4,2,4.1607,1
29,1,0,0,1,5432,1,1,4.0473,0
31,1,2,0,0,42,3,3,3.9134,1
28,1,0,0,1,6274,0,0,4.155,0
31,1,2,1,0,34,3,2,4.1715,1
24,1,0,0,1,4121,1,0,3.7091,0
33,1,2,0,1,30,4,2,3.9832,1
27,1,0,0,1,6663,0,1,3.8101,0
30,1,2,0,1,37,3,3,4.2817,1
27,1,0,0,1,3477,1,0,3.8562,0
31,1,2,0,0,35,4,4,4.236,1
27,1,0,0,1,808,0,0,3.764,0
36,1,2,1,1,5,3,3,4.4404,1
24,1,0,0,1,1780,1,1,3.7091,0
36,1,2,0,0,20,4,1,4.1179,1
29,1,0,0,1,2032,1,0,4.0473,0
35,1,2,0,0,40,2,2,4.022,1
25,1,0,0,1,6150,1,1,3.8937,0
36,1,2,0,0,3,4,1,3.9931,1
27,1,0,0,1,1916,0,1,3.708,0
31,1,2,0,0,37,5,3,4.1069,1
24,1,0,0,1,5539,0,0,3.7721,0
31,1,2,0,0,17,3,5,4.1313,1
24,1,0,0,1,1695,1,0,3.7721,0
37,1,2,0,1,14,5,4,4.0672,1
23,1,0,0,1,5442,1,0,3.6212,0
36,1,2,0,0,32,4,1,4.2737,1
30,1,0,0,1,5591,1,0,3.6981,0
33,1,2,0,1,17,3,4,4.0637,1
31,1,0,0,1,1193,1,1,3.9536,0
33,1,2,0,0,45,3,5,4.332,1
24,1,0,0,1,7830,0,1,3.7091,0
34,1,2,0,0,3,4,1,4.0912,1
23,1,0,0,1,2433,1,1,3.6212,0
31,1,2,0,1,41,4,2,3.9503,1
27,1,0,0,1,6054,1,1,3.8101,0
33,1,2,0,0,8,3,1,4.0061,1
23,1,0,0,1,3438,0,0,3.6212,0
38,1,2,0,0,7,4,4,3.9579,1
28,1,0,0,1,6788,1,0,4.0122,0
35,1,2,0,1,19,4,2,4.2646,1
26,1,0,0,1,4259,0,1,3.921,0
38,1,2,0,0,3,3,3,4.0407,1
31,1,0,0,1,7280,0,1,3.9536,0
34,1,2,0,1,34,5,1,4.1019,1
26,1,0,0,1,3492,1,1,3.5843,0
29,1,2,0,0,30,5,2,4.1163,1
27,1,0,0,1,4002,0,1,3.8562,0
32,1,2,0,0,24,3,1,4.4139,1
24,1,0,0,1,6215,1,0,3.6887,0
30,1,2,0,0,4,5,3,4.0729,1
24,1,0,0,1,5693,1,1,3.8554,0
31,1,2,0,1,16,2,5,4.1958,1
24,1,0,0,1,7393,0,0,3.8035,0
34,1,2,0,1,41,3,3,4.2195,1
27,1,0,0,1,1787,0,1,3.8101,0
35,1,2,0,0,12,2,1,4.1503,1
28,1,0,0,1,884,1,1,4.155,0
35,1,2,1,1,15,3,3,4.2046,1
27,1,0,0,1,5806,1,1,3.764,0
30,1,2,1,0,21,2,4,4.1484,1
27,1,0,0,1,4194,1,1,3.8101,0
33,1,2,0,0,22,2,5,3.9226,1
23,1,0,0,1,4271,1,1,3.6753,0
33,1,2,0,0,15,3,4,4.1273,1
30,1,0,0,1,3175,0,0,3.6981,0
37,1,2,1,0,32,4,5,4.0645,1
27,1,0,0,1,5153,0,0,3.764,0
35,1,2,0,1,4,5,1,4.036,1
24,1,0,0,1,4906,0,1,3.7091,0
35,1,2,0,0,25,2,3,3.8214,1
26,1,0,0,1,4357,0,0,3.5843,0
32,1,2,0,1,12,2,5,4.1136,1
24,1,0,0,1,3918,1,1,3.8554,0
30,1,2,1,0,8,2,1,4.0729,1
27,1,0,0,1,1259,1,1,3.838,0
31,1,2,0,0,22,3,2,4.236,1
24,1,0,0,1,4898,0,1,3.8035,0
36,1,2,0,0,14,5,1,4.0277,1
28,1,0,0,1,5762,1,1,4.155,0
36,1,2,1,1,10,2,1,4.2181,1
28,1,0,0,1,2394,0,0,4.0122,0
34,1,2,0,0,39,4,2,4.4326,1
27,1,0,0,1,7269,0,1,3.8101,0
37,1,2,0,0,5,3,4,4.1549,1
24,1,0,0,1,5943,1,1,3.8554,0
31,1,2,0,0,1,2,5,4.1313,1
26,1,0,0,1,6866,0,1,4.1039,0
36,1,2,0,1,16,5,4,4.107,1
24,1,0,0,1,4638,0,1,3.7202,0
31,1,2,0,0,16,5,1,4.0424,1
27,1,0,0,1,7161,1,0,3.8101,0
31,1,2,1,1,19,3,4,4.1313,1
31,1,0,0,1,4931,0,0,3.9536,0
34,1,2,0,0,2,4,5,4.0912,1
26,1,0,0,1,2421,1,0,3.5843,0
35,1,2,0,0,2,5,5,3.7586,1
27,1,0,0,1,3243,1,1,3.8101,0
38,1,2,0,0,28,4,2,3.818,1
24,1,0,0,1,6458,1,1,3.7202,0
34,1,2,1,1,33,2,3,4.1751,1
29,1,0,0,1,661,1,0,4.0473,0
33,1,2,1,0,32,5,5,3.7496,1
30,1,0,0,1,7112,1,1,3.6981,0
32,1,2,1,1,24,5,4,4.0542,1
30,1,0,0,1,4457,1,0,3.6981,0
31,1,2,0,1,39,4,4,3.8457,1
28,1,0,0,1,4522,1,0,4.0122,0
36,1,2,1,0,3,2,1,4.1179,1
23,1,0,0,1,7629,0,1,3.7623,0
35,1,2,0,0,1,3,3,4.0716,1
27,1,0,0,1,1581,0,1,3.838,0
33,1,2,0,0,11,5,1,4.3091,1
27,1,0,0,1,7032,0,1,3.764,0
37,1,2,0,1,13,5,3,4.2089,1
28,1,0,0,1,2085,0,0,4.155,0
34,1,2,0,1,6,3,4,3.9147,1
24,1,0,0,1,7117,0,0,3.7091,0
34,1,2,1,1,17,3,2,4.0323,1
27,1,0,0,1,7304,1,1,3.764,0
31,1,2,0,0,11,4,4,3.9905,1
30,1,0,0,1,5942,0,0,3.6981,0
33,1,2,0,0,31,5,1,4.2862,1
23,1,0,0,1,5893,0,0,3.7623,0
32,1,2,0,0,43,4,2,3.9917,1
28,1,0,0,1,6590,0,0,4.0122,0
33,1,2,1,0,25,4,3,3.9455,1
23,1,0,0,1,6904,0,0,3.7623,0
34,1,2,0,0,18,2,5,4.1973,1
27,1,0,0,1,6306,1,0,3.8101,0
30,1,2,1,0,36,4,5,4.3232,1
24,1,0,0,1,6503,0,1,3.7202,0
35,1,2,0,0,6,4,2,4.1859,1
24,1,0,0,1,5476,0,1,3.7721,0
33,1,2,1,0,40,2,3,4.2714,1
31,1,0,0,1,3118,0,1,3.9536,0
33,1,2,1,0,31,2,4,3.9455,1
25,1,0,0,1,5409,1,0,3.8937,0
32,1,2,0,1,44,5,2,4.0511,1
23,1,0,0,1,1971,0,0,3.7623,0
35,1,2,0,0,31,3,3,4.2074,1
26,1,0,0,1,4429,1,0,3.921,0
30,1,2,0,0,33,2,4,4.2566,1
23,1,0,0,1,5188,0,0,3.6212,0
34,1,2,0,0,1,3,4,4.0323,1
28,1,0,0,1,6448,1,1,4.0122,0
33,1,2,0,0,20,2,1,4.0438,1
23,1,0,0,1,4359,0,0,3.6753,0
31,1,2,1,1,15,2,4,4.1715,1
24,1,0,0,1,3780,1,0,3.8554,0
37,1,2,0,1,18,3,2,4.3711,1
25,1,0,0,1,6728,1,1,3.8937,0
32,1,2,0,0,1,5,3,3.8636,1
24,1,0,0,1,3254,1,0,3.8554,0
34,1,2,0,0,33,4,1,4.1973,1
31,1,0,0,1,6726,1,0,3.9536,0
36,1,2,1,0,20,2,1,4.0277,1
24,1,0,0,1,7184,0,0,3.8035,0
32,1,2,0,1,28,4,5,4.1136,1
23,1,0,0,1,2841,1,1,3.7623,0
33,1,2,0,0,18,5,3,3.9912,1
27,1,0,0,1,3061,1,1,3.8101,0
34,1,2,0,1,18,3,5,4.0323,1
23,1,0,0,1,4024,0,0,3.6212,0
32,1,2,0,0,39,4,1,3.9528,1
27,1,0,0,1,6707,1,1,3.708,0
33,1,2,1,0,16,2,1,4.332,1
23,1,0,0,1,4569,0,0,3.7623,0
34,1,2,0,1,34,5,3,4.1751,1
23,1,0,0,1,7843,1,0,3.6425,0
36,1,2,0,1,30,5,5,4.1972,1
24,1,0,0,1,5655,0,1,3.8035,0
37,1,2,1,1,28,5,4,3.9465,1
24,1,0,0,1,7573,1,1,3.6887,0
37,1,2,0,0,20,2,1,4.1345,1
24,1,0,0,1,6663,0,0,3.8554,0
33,1,2,0,1,8,5,2,3.9832,1
29,1,0,0,1,2101,1,0,4.0473,0
32,1,2,0,1,7,3,1,3.8042,1
28,1,0,0,1,5728,0,0,4.155,0
35,1,2,0,0,7,4,4,4.0903,1
27,1,0,0,1,1789,1,0,3.8101,0
33,1,2,0,0,23,3,1,4.0518,1
29,1,0,0,1,752,0,0,4.0473,0
34,1,2,1,1,28,4,4,4.2339,1
27,1,0,0,1,3834,1,0,3.8101,0
35,1,2,0,1,15,5,4,4.1859,1
27,1,0,0,1,4154,0,1,3.8101,0
36,1,2,0,0,22,4,1,4.086,1
24,1,0,0,1,7803,1,1,3.8035,0
32,1,2,0,0,43,2,5,4.1792,1
27,1,0,0,1,7506,0,0,3.8562,0
30,1,2,0,1,43,2,1,4.0817,1
25,1,0,0,1,1996,0,1,3.8937,0
36,1,2,1,0,25,3,1,4.107,1
27,1,0,0,1,1599,0,0,3.8562,0
38,1,2,1,0,10,4,2,4.2185,1
24,1,0,0,1,1192,1,1,3.8554,0
35,1,2,1,1,13,4,3,4.1147,1
24,1,0,0,1,7786,0,1,3.8035,0
31,1,2,0,1,9,4,1,4.1958,1
27,1,0,0,1,3211,0,0,3.838,0
37,1,2,0,0,42,2,5,3.8978,1
23,1,0,0,1,1009,1,0,3.6425,0
33,1,2,0,1,8,2,2,3.9077,1
30,1,0,0,1,3830,0,1,3.6981,0
36,1,2,0,0,12,4,5,4.2181,1
23,1,0,0,1,2245,1,1,3.6425,0
36,1,2,0,1,12,3,5,4.1835,1
23,1,0,0,1,1760,0,1,3.6753,0
34,1,2,0,1,14,2,5,4.1829,1
30,1,0,0,1,5998,0,1,3.6981,0
30,1,2,0,0,2,2,2,4.0062,1
23,1,0,0,1,5749,1,0,3.6212,0
33,1,2,1,1,2,3,4,3.9077,1
24,1,0,0,1,2256,1,1,3.8035,0
32,1,2,0,0,30,2,4,3.8011,1
23,1,0,0,1,3941,1,1,3.6753,0
34,1,2,0,0,36,4,4,4.315,1
24,1,0,0,1,5655,0,0,3.6887,0
35,1,2,0,0,25,2,3,3.9684,1
26,1,0,0,1,2932,1,1,3.5843,0
31,1,2,0,1,44,2,3,4.1037,1
27,1,0,0,1,525,1,0,3.838,0
35,1,2,0,0,36,2,3,3.7859,1
24,1,0,0,1,1190,1,0,3.8554,0
33,1,2,0,1,14,5,2,4.2336,1
29,1,0,0,1,2156,1,1,4.0473,0
33,1,2,0,0,9,4,4,3.862,1
24,1,0,0,1,6612,0,0,3.8035,0
37,1,2,1,0,15,2,5,4.2195,1
23,1,0,0,1,3726,0,0,3.6753,0
31,1,2,0,0,25,2,4,4.1313,1
27,1,0,0,1,5654,0,1,3.708,0
34,1,2,0,0,42,4,2,4.1019,1
29,1,0,0,1,2914,0,1,4.0473,0
33,1,2,0,0,5,5,3,4.1044,1
24,1,0,0,1,7918,0,1,3.7202,0
29,1,2,0,0,32,3,1,3.8573,1
24,1,0,0,1,541,0,0,3.7091,0
33,1,2,0,0,16,4,3,4.1849,1
23,1,0,0,1,2248,0,1,3.7623,0
31,1,2,0,1,9,5,2,4.0424,1
27,1,0,0,1,5951,0,0,3.764,0
35,1,2,1,0,10,4,5,4.0931,1
26,1,0,0,1,3969,1,0,3.921,0
34,1,2,1,0,6,3,1,4.1356,1
27,1,0,0,1,6486,1,1,3.764,0
32,1,2,0,1,44,5,4,4.3667,1
28,1,0,0,1,7542,1,1,4.155,0
36,1,2,0,1,28,4,5,4.3638,1
28,1,0,0,1,2447,0,0,4.155,0
34,1,2,0,0,44,2,5,4.396,1
24,1,0,0,1,994,1,0,3.7091,0
32,1,2,0,1,33,2,3,4.0153,1
27,1,0,0,1,5286,0,1,3.838,0
29,1,2,0,0,17,4,3,3.8404,1
27,1,0,0,1,5094,1,1,3.838,0
35,1,2,0,1,18,3,2,3.9789,1
27,1,0,0,1,1255,0,0,3.8101,0
36,1,2,1,0,34,5,5,4.2737,1
26,1,0,0,1,4750,1,1,4.1039,0
33,1,2,0,0,10,2,4,3.9196,1
26,1,0,0,1,2441,1,0,4.1039,0
33,1,2,0,1,17,4,4,4.1273,1
28,1,0,0,1,6335,0,0,4.155,0
35,1,2,0,0,33,3,4,4.0931,1
27,1,0,0,1,3836,0,0,3.708,0
35,1,2,0,0,28,2,5,4.1719,1
24,1,0,0,1,608,1,0,3.8035,0
33,1,2,0,0,10,2,2,3.9832,1
27,1,0,0,1,5174,1,1,3.764,0
33,1,2,0,0,16,3,1,4.5973,1
23,1,0,0,1,2921,0,0,3.6212,0
38,1,2,0,0,42,4,2,3.951,1
30,1,0,0,1,6092,1,0,3.6981,0
31,1,2,0,0,11,3,2,4.0392,1
24,1,0,0,1,2690,0,1,3.8554,0
34,1,2,0,1,30,5,5,4.0575,1
27,1,0,0,1,2309,0,1,3.8101,0
34,1,2,0,1,5,2,3,4.1356,1
30,1,0,0,1,2592,1,0,3.6981,0
31,1,2,0,0,25,2,3,4.0668,1
27,1,0,0,1,504,1,1,3.8101,0
32,1,2,1,0,22,5,2,4.0778,1
24,1,0,0,1,7045,0,0,3.8035,0
35,1,2,0,0,2,5,1,4.036,1
26,1,0,0,1,4928,1,0,4.1039,0
32,1,2,1,0,9,2,4,4.0778,1
28,1,0,0,1,4997,0,1,4.0122,0
31,1,2,1,1,24,2,4,3.8858,1
23,1,0,0,1,2127,1,1,3.6212,0
29,1,2,1,0,4,2,1,4.1423,1
27,1,0,0,1,2196,1,1,3.8101,0
38,1,2,1,1,40,4,4,4.2737,1
24,1,0,0,1,2383,0,1,3.7202,0
32,1,2,0,0,4,5,3,4.3514,1
26,1,0,0,1,871,1,1,4.1039,0
33,1,2,0,1,1,4,3,3.8818,1
27,1,0,0,1,7965,0,1,3.8562,0
34,1,2,0,0,7,3,3,3.9987,1
24,1,0,0,1,5029,1,0,3.6887,0
36,1,2,1,1,1,4,4,4.229,1
29,1,0,0,1,4469,1,0,4.0473,0
35,1,2,0,0,10,4,1,4.036,1
26,1,0,0,1,7400,1,1,3.5843,0
31,1,2,1,0,22,3,5,4.2603,1
23,1,0,0,1,6079,0,1,3.6212,0
36,1,2,1,1,22,4,4,4.128,1
23,1,0,0,1,6372,0,0,3.7623,0
35,1,2,1,0,21,2,2,4.1859,1
28,1,0,0,1,2481,0,0,4.155,0
32,1,2,0,0,10,3,2,4.3042,1
27,1,0,0,1,3543,0,0,3.8101,0
33,1,2,0,1,31,3,2,3.9802,1
28,1,0,0,1,3538,0,1,4.0122,0
31,1,2,0,0,31,5,1,4.0392,1
27,1,0,0,1,2596,1,0,3.8562,0
34,1,2,0,0,16,3,5,4.315,1
24,1,0,0,1,3775,1,1,3.8554,0
36,1,2,0,1,44,2,3,3.9931,1
30,1,0,0,1,1376,1,0,3.6981,0
35,1,2,1,0,39,4,4,4.3649,1
27,1,0,0,1,7098,1,1,3.764,0
29,1,2,0,0,3,4,5,3.8404,1
23,1,0,0,1,4503,0,0,3.6425,0
33,1,2,1,0,32,2,3,4.332,1
24,1,0,0,1,3924,0,1,3.8554,0
34,1,2,1,0,21,3,1,3.8192,1
29,1,0,0,1,4554,0,0,4.0473,0
35,1,2,1,1,30,3,3,4.1859,1
27,1,0,0,1,1271,1,0,3.838,0
31,1,2,1,1,24,4,4,4.0181,1
27,1,0,0,1,5459,1,1,3.708,0
35,1,2,0,0,5,2,2,4.2074,1
27,1,0,0,1,5058,0,1,3.8562,0
30,1,2,0,0,32,5,2,4.2151,1
24,1,0,0,1,1756,0,0,3.7202,0
32,1,2,1,1,8,2,5,4.2028,1
23,1,0,0,1,1332,0,0,3.6212,0
34,1,2,0,1,9,4,3,4.0575,1
26,1,0,0,1,6323,0,1,3.5843,0
33,1,2,0,0,10,5,1,4.1273,1
27,1,0,0,1,2857,1,0,3.8101,0
33,1,2,0,1,11,4,2,4.0896,1
24,1,0,0,1,7660,0,1,3.8554,0
35,1,2,1,1,26,2,1,4.1287,1
24,1,0,0,1,4219,0,1,3.7091,0
34,1,2,0,0,23,5,3,3.9735,1
27,1,0,0,1,3027,0,0,3.8562,0
36,1,2,0,0,27,2,4,4.2737,1
24,1,0,0,1,6412,1,0,3.8035,0
33,1,2,1,0,26,5,5,4.2336,1
24,1,0,0,1,7594,0,1,3.7202,0
32,1,2,0,0,18,3,2,4.0153,1
24,1,0,0,1,1574,0,1,3.7091,0
33,1,2,0,1,8,4,5,4.4155,1
27,1,0,0,1,5052,1,1,3.9303,0
37,1,2,1,1,22,4,3,4.006,1
29,1,0,0,1,3999,1,0,4.0473,0
34,1,2,1,0,25,3,4,4.2784,1
26,1,0,0,1,7286,1,1,4.1039,0
32,1,2,0,0,7,2,1,4.0306,1
24,1,0,0,1,1566,0,0,3.8554,0
34,1,2,0,0,13,4,1,4.1973,1
27,1,0,0,1,7746,0,1,3.838,0
31,1,2,1,0,23,4,3,4.2116,1
24,1,0,0,1,7783,1,0,3.8554,0
33,1,2,0,0,5,4,4,4.3697,1
23,1,0,0,1,4132,0,0,3.7623,0
33,1,2,0,0,22,5,3,3.859,1
25,1,0,0,1,4194,0,0,3.8937,0
34,1,2,0,0,30,2,1,4.4104,1
24,1,0,0,1,6021,1,0,3.8554,0
36,1,2,0,0,45,4,4,4.2181,1
28,1,0,0,1,1116,0,1,4.155,0
33,1,2,1,1,37,4,1,4.003,1
27,1,0,0,1,973,0,0,3.838,0
38,1,2,0,0,15,5,2,4.0708,1
27,1,0,0,1,2665,0,0,3.708,0
37,1,2,0,0,36,2,2,4.3915,1
25,1,0,0,1,7447,0,0,3.8937,0
33,1,2,1,0,5,5,4,4.0637,1
26,1,0,0,1,6859,0,1,3.5843,0
31,1,2,1,1,33,2,4,4.3894,1
24,1,0,0,1,6718,1,1,3.7721,0
32,1,2,1,1,20,3,5,4.2264,1
25,1,0,0,1,2985,0,1,3.8937,0
35,1,2,0,1,36,4,2,4.1474,1
28,1,0,0,1,4379,0,0,4.0122,0
35,1,2,0,1,45,5,1,4.0472,1
24,1,0,0,1,2280,1,0,3.8554,0
36,1,2,0,0,16,4,2,4.1206,1
31,1,0,0,1,745,0,1,3.9536,0
37,1,2,0,0,45,3,4,4.1654,1
29,1,0,0,1,4893,1,0,4.0473,0
32,1,2,0,0,18,4,1,3.9528,1
24,1,0,0,1,4655,1,1,3.8035,0
31,1,2,0,0,31,2,5,3.9779,1
23,1,0,0,1,4753,1,0,3.7623,0
33,1,2,0,1,18,2,3,3.9802,1
27,1,0,0,1,4126,0,1,3.764,0
30,1,2,0,1,45,3,1,3.8981,1
27,1,0,0,1,5659,1,0,3.8101,0
35,1,2,1,0,45,2,2,4.2074,1
24,1,0,0,1,7662,1,0,3.8554,0
33,1,2,0,1,40,2,4,4.165,1
26,1,0,0,1,2401,1,1,4.1039,0
34,1,2,0,0,30,4,1,4.0545,1
27,1,0,0,1,1975,1,0,3.9303,0
33,1,2,0,0,28,3,2,3.9802,1
25,1,0,0,1,1981,1,1,3.8937,0
32,1,2,0,0,9,4,4,4.2889,1
24,1,0,0,1,6018,0,0,3.8554,0
31,1,2,0,1,31,3,4,3.9134,1
28,1,0,0,1,7067,0,0,4.0122,0
36,1,2,0,0,29,3,5,4.3083,1
27,1,0,0,1,562,0,1,3.8562,0
34,1,2,0,0,5,2,5,3.9369,1
27,1,0,0,1,1344,0,1,3.8101,0
32,1,2,0,0,19,4,5,3.9414,1
27,1,0,0,1,726,0,0,3.708,0
34,1,2,0,1,17,4,1,4.1019,1
26,1,0,0,1,4944,1,0,4.1039,0
35,1,2,0,0,24,2,4,4.1719,1
23,1,0,0,1,7439,1,1,3.6753,0
34,1,2,0,0,7,4,5,4.1019,1
24,1,0,0,1,978,0,0,3.7091,0
35,1,2,0,0,43,5,4,4.1147,1
26,1,0,0,1,2276,0,0,4.1039,0
35,1,2,1,0,27,5,2,4.0332,1
24,1,0,0,1,2293,0,0,3.8554,0
31,1,2,0,0,23,4,2,4.2603,1
23,1,0,0,1,884,0,1,3.6425,0
29,1,2,0,0,37,3,3,3.8573,1
24,1,0,0,1,6633,0,0,3.7721,0
31,1,2,0,0,25,3,4,4.1313,1
24,1,0,0,1,2642,0,0,3.7202,0
36,1,2,0,0,18,5,5,3.9722,1
23,1,0,0,1,1565,0,0,3.6425,0
30,1,2,0,0,41,5,1,3.8981,1
24,1,0,0,1,7836,0,1,3.7721,0
36,1,2,1,1,21,3,3,4.086,1
27,1,0,0,1,7773,0,1,3.838,0
36,1,2,0,0,32,2,4,4.1835,1
23,1,0,0,1,5341,1,1,3.6753,0
36,1,2,1,0,40,2,5,4.2737,1
27,1,0,0,1,4950,1,0,3.764,0
31,1,2,0,0,43,2,1,3.7726,1
26,1,0,0,1,6940,1,1,3.921,0
35,1,2,0,0,35,3,3,4.2861,1
27,1,0,0,1,5638,0,0,3.8562,0
32,1,2,0,0,42,5,1,4.2653,1
24,1,0,0,1,1811,0,0,3.8554,0
32,1,2,0,0,3,5,1,4.2181,1
25,1,0,0,1,3931,0,0,3.8937,0
31,1,2,0,1,26,2,2,3.8858,1
27,1,0,0,1,5277,0,1,3.764,0
37,1,2,1,1,9,3,5,4.2293,1
28,1,0,0,1,2040,0,0,4.155,0
31,1,2,0,0,16,5,4,4.1715,1
24,1,0,0,1,1317,1,1,3.6887,0
32,1,2,0,1,28,4,1,4.3278,1
26,1,0,0,1,3823,0,0,3.921,0
34,1,2,0,0,40,5,2,4.2561,1
27,1,0,0,1,4471,1,0,3.708,0
36,1,2,0,1,20,5,4,4.0487,1
27,1,0,0,1,5650,0,0,3.8101,0
34,1,2,0,1,42,3,5,3.9987,1
24,1,0,0,1,1824,0,0,3.7202,0
31,1,2,0,0,12,4,5,3.7844,1
24,1,0,0,1,3757,0,0,3.8554,0
33,1,2,1,0,33,3,1,4.0815,1
24,1,0,0,1,7992,1,1,3.6887,0
33,1,2,0,0,29,4,3,3.7259,1
23,1,0,0,1,1221,0,1,3.6753,0
33,1,2,0,0,3,4,4,4.1273,1
23,1,0,0,1,5506,0,1,3.6425,0
34,1,2,1,0,17,4,5,4.0209,1
31,1,0,0,1,4489,0,0,3.9536,0
30,1,2,0,0,40,3,2,3.8566,1
27,1,0,0,1,4285,0,1,3.8101,0
32,1,2,0,0,2,2,2,4.0039,1
24,1,0,0,1,701,0,0,3.7091,0
34,1,2,1,0,24,4,4,4.0767,1
25,1,0,0,1,4252,0,0,3.8937,0
31,1,2,0,1,18,5,5,4.0582,1
27,1,0,0,1,2893,1,1,3.8562,0
35,1,2,0,0,2,3,4,4.1503,1
26,1,0,0,1,4631,1,0,3.921,0
35,1,2,0,1,38,2,5,4.0576,1
27,1,0,0,1,615,1,0,3.8562,0
31,1,2,0,1,6,5,3,4.236,1
24,1,0,0,1,7158,1,1,3.8554,0
31,1,2,0,1,14,2,5,4.1313,1
26,1,0,0,1,3355,1,1,4.1039,0
32,1,2,0,0,2,3,1,4.3667,1
27,1,0,0,1,7485,0,0,3.8101,0
32,1,2,0,1,44,4,5,4.0542,1
26,1,0,0,1,7878,0,0,3.5843,0
31,1,2,0,1,10,2,1,4.0668,1
24,1,0,0,1,7800,0,1,3.6887,0
35,1,2,0,0,29,5,1,4.1072,1
23,1,0,0,1,7459,0,0,3.6212,0
35,1,2,1,0,22,4,1,4.4004,1
24,1,0,0,1,506,0,0,3.8035,0
35,1,2,0,0,42,2,5,4.0687,1
24,1,0,0,1,4462,1,0,3.7721,0
35,1,2,0,0,2,5,2,4.3789,1
24,1,0,0,1,4653,1,0,3.8554,0
36,1,2,0,1,18,2,3,4.1734,1
24,1,0,0,1,2421,0,0,3.8554,0
34,1,2,1,0,9,4,5,4.0912,1
23,1,0,0,1,2770,1,0,3.6425,0
37,1,2,0,0,20,2,3,4.1549,1
27,1,0,0,1,4186,1,0,3.8562,0
32,1,2,0,0,22,4,5,4.2028,1
27,1,0,0,1,3730,0,0,3.708,0
33,1,2,1,1,37,5,3,4.2485,1
23,1,0,0,1,6799,1,0,3.7623,0
38,1,2,0,0,33,4,4,4.2185,1
24,1,0,0,1,5481,0,0,3.7091,0
33,1,2,0,0,16,4,5,4.4532,1
28,1,0,0,1,6876,0,1,4.0122,0
36,1,2,0,1,29,3,3,4.2181,1
24,1,0,0,1,7796,1,0,3.6887,0
36,1,2,0,1,37,4,5,4.0277,1
27,1,0,0,1,3727,1,0,3.708,0
35,1,2,0,1,39,4,2,4.2646,1
27,1,0,0,1,4676,1,1,3.8562,0
36,1,2,0,0,3,3,4,4.0487,1
24,1,0,0,1,1362,1,0,3.6887,0
38,1,2,0,1,28,4,5,4.1158,1
23,1,0,0,1,4933,0,0,3.6425,0
32,1,2,1,1,10,3,2,4.1014,1
29,1,0,0,1,1310,1,1,4.0473,0
36,1,2,0,0,31,4,4,4.4404,1
26,1,0,0,1,2500,0,1,4.1039,0
33,1,2,0,0,34,3,5,3.8849,1
27,1,0,0,1,6638,1,1,3.8101,0
35,1,2,0,1,36,5,2,4.1147,1
27,1,0,0,1,2700,1,0,3.764,0
33,1,2,0,0,18,3,5,4.332,1
27,1,0,0,1,2924,0,0,3.764,0
36,1,2,1,0,40,5,5,4.3083,1
27,1,0,0,1,7796,0,1,3.708,0
32,1,2,0,0,6,2,5,4.2264,1
27,1,0,0,1,2508,0,0,3.8101,0
29,1,2,0,0,23,4,1,4.1852,1
24,1,0,0,1,3017,1,0,3.8554,0
29,1,2,1,1,45,2,1,3.9783,1
24,1,0,0,1,3645,0,1,3.7721,0
35,1,2,0,1,21,4,2,4.0332,1
27,1,0,0,1,2035,1,0,3.708,0
30,1,2,0,0,18,4,5,4.2151,1
23,1,0,0,1,1489,0,0,3.6753,0
33,1,2,1,1,22,4,3,4.1273,1
24,1,0,0,1,7538,1,0,3.7721,0
38,1,2,0,0,35,2,4,4.3462,1
27,1,0,0,1,7437,0,0,3.708,0
31,1,2,0,1,6,3,2,3.926,1
24,1,0,0,1,7860,1,1,3.8554,0
31,1,2,0,1,31,5,2,3.9378,1
26,1,0,0,1,1484,1,1,3.921,0
35,1,2,0,0,20,5,5,4.1503,1
27,1,0,0,1,4089,1,0,3.8101,0
33,1,2,0,0,10,2,3,3.8937,1
25,1,0,0,1,3523,0,1,3.8937,0
38,1,2,0,0,26,3,2,4.1658,1
24,1,0,0,1,4171,0,1,3.7721,0
34,1,2,0,0,13,5,5,4.0323,1
27,1,0,0,1,3039,1,0,3.708,0
33,1,2,0,0,29,2,2,4.0179,1
23,1,0,0,1,4032,0,1,3.7623,0
33,1,2,0,1,12,3,2,4.0667,1
23,1,0,0,1,2630,0,0,3.6212,0
31,1,2,0,0,12,4,5,3.9134,1
28,1,0,0,1,2085,0,1,4.0122,0
33,1,2,0,0,45,5,2,4.0179,1
24,1,0,0,1,3864,0,1,3.6887,0
33,1,2,1,1,28,2,2,3.9912,1
28,1,0,0,1,4784,1,0,4.155,0
34,1,2,0,0,17,2,1,4.3372,1
27,1,0,0,1,4977,0,1,3.838,0
33,1,2,0,1,39,2,2,4.2942,1
27,1,0,0,1,3245,0,1,3.764,0
33,1,2,0,0,13,4,4,4.165,1
24,1,0,0,1,1305,0,1,3.7202,0
32,1,2,1,0,43,5,1,4.2264,1
23,1,0,0,1,2971,0,0,3.6753,0
35,1,2,0,0,24,2,3,4.1287,1
24,1,0,0,1,1228,1,0,3.7091,0
33,1,2,0,0,29,4,1,4.0179,1
26,1,0,0,1,6696,0,0,3.921,0
34,1,2,0,0,31,2,3,4.0912,1
24,1,0,0,1,3643,0,0,3.8554,0
34,1,2,0,0,33,4,5,4.2339,1
24,1,0,0,1,5638,1,1,3.8554,0
34,1,2,0,1,24,3,5,4.1529,1
24,1,0,0,1,7596,1,1,3.8554,0
35,1,2,0,0,45,4,3,4.1719,1
29,1,0,0,1,691,0,0,4.0473,0
33,1,2,0,0,36,2,1,4.3091,1
31,1,0,0,1,3521,1,1,3.9536,0
30,1,2,1,0,37,3,4,4.1899,1
24,1,0,0,1,7108,1,0,3.7202,0
34,1,2,0,1,5,5,4,4.2561,1
25,1,0,0,1,2166,1,1,3.8937,0
31,1,2,0,0,42,5,4,3.9779,1
26,1,0,0,1,3549,0,0,4.1039,0
33,1,2,0,0,45,3,4,4.2108,1
24,1,0,0,1,4734,0,0,3.7202,0
36,1,2,1,1,21,4,1,4.2317,1
27,1,0,0,1,7821,0,0,3.9303,0
33,1,2,1,1,12,5,5,4.2108,1
27,1,0,0,1,5560,0,1,3.9303,0
37,1,2,0,0,41,3,4,4.3915,1
27,1,0,0,1,1883,0,0,3.764,0
31,1,2,1,0,22,4,4,4.0794,1
24,1,0,0,1,7508,0,0,3.7721,0
31,1,2,0,1,23,3,1,4.3248,1
26,1,0,0,1,5410,1,0,3.5843,0
31,1,2,0,0,2,2,2,4.1958,1
24,1,0,0,1,916,1,0,3.8554,0
34,1,2,0,1,12,5,1,4.0941,1
24,1,0,0,1,5714,0,0,3.8554,0
33,1,2,0,0,40,3,2,4.0667,1
28,1,0,0,1,5427,1,0,4.0122,0
35,1,2,0,1,41,4,4,4.2646,1
29,1,0,0,1,5702,1,1,4.0473,0
35,1,2,1,0,21,2,5,3.99,1
24,1,0,0,1,5811,1,0,3.7091,0
33,1,2,0,0,16,4,4,4.0179,1
24,1,0,0,1,3514,0,0,3.6887,0
33,1,2,0,0,13,2,1,4.0438,1
24,1,0,0,1,1053,0,1,3.7091,0
34,1,2,0,0,33,3,2,4.1385,1
27,1,0,0,1,4228,1,1,3.838,0
34,1,2,0,0,43,5,2,4.2784,1
26,1,0,0,1,3054,0,0,3.921,0
33,1,2,0,1,12,3,1,4.0896,1
24,1,0,0,1,7224,1,0,3.8554,0
32,1,2,0,1,26,5,1,4.1167,1
24,1,0,0,1,4745,1,0,3.7721,0
33,1,2,0,1,36,3,4,3.8967,1
30,1,0,0,1,2476,1,1,3.6981,0
33,1,2,1,0,36,5,4,4.0438,1
28,1,0,0,1,2223,0,1,4.0122,0
33,1,2,0,1,16,5,3,4.4303,1
31,1,0,0,1,2888,1,0,3.9536,0
31,1,2,0,1,45,3,2,4.2603,1
24,1,0,0,1,2156,1,1,3.8554,0
31,1,2,1,0,24,3,4,3.8858,1
27,1,0,0,1,6000,1,1,3.8101,0
36,1,2,0,0,19,3,4,3.9722,1
23,1,0,0,1,5784,0,1,3.6753,0
34,1,2,0,0,26,4,4,4.0545,1
27,1,0,0,1,6902,1,0,3.708,0
29,1,2,0,0,34,5,1,3.9094,1
24,1,0,0,1,3039,1,1,3.7202,0
31,1,2,0,0,39,5,4,4.0023,1
24,1,0,0,1,7667,0,1,3.8554,0
36,1,2,0,1,34,3,3,4.3502,1
24,1,0,0,1,1875,0,1,3.8554,0
35,1,2,0,0,8,2,1,3.8786,1
29,1,0,0,1,547,1,1,4.0473,0
34,1,2,0,1,30,4,2,3.9735,1
28,1,0,0,1,3321,0,0,4.0122,0
32,1,2,1,0,8,5,3,4.1556,1
23,1,0,0,1,5501,1,1,3.6753,0
33,1,2,1,0,13,3,4,3.7785,1
24,1,0,0,1,7534,1,1,3.8035,0
31,1,2,1,1,23,5,3,4.236,1
27,1,0,0,1,3525,1,1,3.9303,0
31,1,2,0,0,7,3,1,4.2847,1
24,1,0,0,1,4387,0,0,3.8554,0
36,1,2,1,1,14,4,3,4.1626,1
26,1,0,0,1,2749,0,0,4.1039,0
29,1,2,1,0,14,4,3,4.0213,1
29,1,0,0,1,7213,1,1,4.0473,0
32,1,2,0,1,5,3,5,4.1136,1
27,1,0,0,1,3856,1,1,3.838,0
33,1,2,0,0,37,3,1,3.8937,1
28,1,0,0,1,3154,0,0,4.0122,0
33,1,2,1,1,27,3,4,4.0667,1
24,1,0,0,1,5162,1,0,3.6887,0
35,1,2,0,0,34,4,1,3.7427,1
29,1,0,0,1,6411,1,1,4.0473,0
36,1,2,0,1,4,3,2,4.086,1
23,1,0,0,1,5940,1,0,3.6425,0
35,1,2,0,0,41,2,2,4.2646,1
27,1,0,0,1,4521,1,1,3.8101,0
30,1,2,0,0,8,4,5,4.0062,1
24,1,0,0,1,4313,0,1,3.7721,0
38,1,2,0,0,25,4,2,4.146,1
28,1,0,0,1,1642,0,1,4.155,0
29,1,2,0,0,38,3,3,4.1423,1
25,1,0,0,1,6054,0,0,3.8937,0
30,1,2,1,0,12,3,4,4.0817,1
31,1,0,0,1,1070,0,1,3.9536,0
38,1,2,0,0,27,4,2,4.1814,1
24,1,0,0,1,2542,1,0,3.7721,0
34,1,2,0,0,42,3,4,3.9735,1
23,1,0,0,1,3007,1,0,3.6753,0
33,1,2,0,1,23,3,3,3.8132,1
24,1,0,0,1,6078,0,0,3.6887,0
34,1,2,0,0,40,3,5,4.315,1
31,1,0,0,1,6039,0,1,3.9536,0
34,1,2,0,0,25,5,3,3.8895,1
23,1,0,0,1,1300,0,1,3.6425,0
33,1,2,0,0,42,3,5,4.1273,1
24,1,0,0,1,6098,1,1,3.8554,0
30,1,2,1,0,44,2,3,4.1484,1
24,1,0,0,1,6011,1,0,3.8554,0
34,1,2,1,1,34,4,5,4.0323,1
26,1,0,0,1,761,0,0,4.1039,0
34,1,2,1,1,4,2,2,4.396,1
24,1,0,0,1,2670,1,0,3.7721,0
36,1,2,1,0,23,5,3,3.9275,1
29,1,0,0,1,1335,0,1,4.0473,0
35,1,2,0,0,11,5,4,4.1043,1
23,1,0,0,1,4643,0,1,3.6753,0
33,1,2,0,0,27,2,1,4.1502,1
26,1,0,0,1,3496,1,0,3.921,0
31,1,2,0,0,12,2,5,3.8213,1
24,1,0,0,1,6434,1,1,3.7202,0
31,1,2,0,0,32,5,3,4.1557,1
26,1,0,0,1,4390,1,0,4.1039,0
31,1,2,0,0,23,5,2,4.0149,1
24,1,0,0,1,7094,1,1,3.8035,0
33,1,2,0,0,21,2,2,3.9832,1
26,1,0,0,1,5358,1,1,3.5843,0
33,1,2,0,0,3,5,1,4.332,1
27,1,0,0,1,6979,0,0,3.8101,0
32,1,2,0,0,39,2,2,4.3514,1
26,1,0,0,1,1771,0,0,3.921,0
35,1,2,0,1,32,2,2,4.1719,1
27,1,0,0,1,3307,1,0,3.9303,0
33,1,2,1,0,20,3,3,3.9802,1
27,1,0,0,1,3309,0,0,3.9303,0
33,1,2,0,0,8,2,3,4.165,1
26,1,0,0,1,2630,1,0,3.5843,0
30,1,2,0,0,29,3,3,4.1484,1
26,1,0,0,1,1933,0,1,4.1039,0
33,1,2,0,1,40,2,2,4.1273,1
31,1,0,0,1,1081,0,0,3.9536,0
33,1,2,1,0,13,5,5,3.8997,1
27,1,0,0,1,6281,0,0,3.708,0
35,1,2,0,1,14,4,2,4.3433,1
27,1,0,0,1,7308,0,1,3.8562,0
31,1,2,1,1,26,3,2,4.0424,1
24,1,0,0,1,521,1,1,3.8554,0
32,1,2,0,1,29,2,3,4.0778,1
24,1,0,0,1,2245,0,0,3.7091,0
31,1,2,1,1,14,5,5,4.1313,1
29,1,0,0,1,2177,0,1,4.0473,0
34,1,2,1,1,41,4,2,4.3594,1
27,1,0,0,1,7217,1,1,3.764,0
29,1,2,0,0,15,4,4,3.8539,1
27,1,0,0,1,7061,1,0,3.838,0
34,1,2,0,0,9,5,3,4.0209,1
27,1,0,0,1,2429,1,1,3.8101,0
35,1,2,0,1,9,3,3,4.1643,1
27,1,0,0,1,7666,1,1,3.838,0
37,1,2,1,0,35,4,1,4.0104,1
26,1,0,0,1,3318,1,0,3.5843,0
37,1,2,1,1,11,4,3,4.3782,1
24,1,0,0,1,2152,0,1,3.8554,0
34,1,2,0,0,36,3,4,4.1385,1
29,1,0,0,1,3461,0,1,4.0473,0
34,1,2,0,0,12,3,3,4.2561,1
23,1,0,0,1,5338,1,1,3.7623,0
35,1,2,1,1,36,4,4,4.2214,1
23,1,0,0,1,2927,0,1,3.6425,0
31,1,2,0,0,42,3,1,3.9779,1
27,1,0,0,1,7990,1,1,3.838,0
32,1,2,0,0,38,5,1,4.3042,1
26,1,0,0,1,6862,0,1,3.921,0
35,1,2,0,0,26,2,3,4.3189,1
24,1,0,0,1,1276,0,1,3.7091,0
35,1,2,0,0,36,3,3,3.9872,1
28,1,0,0,1,1711,1,1,4.0122,0
30,1,2,0,0,14,5,4,4.1899,1
27,1,0,0,1,7467,1,0,3.8101,0
38,1,2,0,0,29,4,1,4.1685,1
27,1,0,0,1,6037,1,0,3.708,0
32,1,2,0,0,37,4,5,4.1761,1
26,1,0,0,1,4968,0,0,4.1039,0
31,1,2,0,1,43,2,2,3.8732,1
27,1,0,0,1,913,0,0,3.8101,0
36,1,2,1,0,5,2,3,3.9722,1
30,1,0,0,1,7302,1,1,3.6981,0
30,1,2,1,0,4,5,4,4.1899,1
27,1,0,0,1,6667,0,0,3.8101,0
37,1,2,0,0,9,2,5,4.2399,1
24,1,0,0,1,7570,1,0,3.6887,0
31,1,2,1,1,5,3,2,4.236,1
27,1,0,0,1,865,1,1,3.708,0
30,1,2,0,1,7,5,3,4.3899,1
23,1,0,0,1,1922,1,1,3.6212,0
35,1,2,0,1,36,4,3,4.1719,1
23,1,0,0,1,5939,1,0,3.6212,0
35,1,2,1,0,12,4,2,3.843,1
25,1,0,0,1,5300,0,0,3.8937,0
31,1,2,0,0,36,2,4,3.9503,1
26,1,0,0,1,1035,1,1,3.5843,0
37,1,2,0,0,33,5,3,3.9156,1
27,1,0,0,1,6374,0,0,3.764,0
32,1,2,0,0,29,2,2,4.2889,1
28,1,0,0,1,2258,0,1,4.0122,0
34,1,2,1,0,28,5,2,4.1019,1
27,1,0,0,1,6129,0,0,3.838,0
34,1,2,0,0,3,5,3,4.1751,1
31,1,0,0,1,7609,0,1,3.9536,0
35,1,2,0,1,3,5,1,3.8513,1
24,1,0,0,1,7127,0,1,3.8554,0
36,1,2,0,0,32,2,1,4.2737,1
23,1,0,0,1,5651,1,1,3.6753,0
36,1,2,0,1,8,2,5,4.0515,1
24,1,0,0,1,3963,0,1,3.6887,0
35,1,2,1,0,26,3,2,4.229,1
27,1,0,0,1,2180,1,1,3.8101,0
31,1,2,0,1,26,3,2,4.1715,1
24,1,0,0,1,3648,0,0,3.7091,0
32,1,2,0,0,16,4,1,3.9917,1
26,1,0,0,1,7230,1,0,3.921,0
33,1,2,0,1,35,4,3,3.8818,1
26,1,0,0,1,1665,1,0,3.921,0
35,1,2,1,1,34,5,3,4.0716,1
24,1,0,0,1,1220,0,1,3.8554,0
30,1,2,0,1,28,4,3,4.0314,1
28,1,0,0,1,7704,1,1,4.155,0
32,1,2,0,0,14,2,5,4.0778,1
24,1,0,0,1,2460,1,1,3.6887,0
33,1,2,0,0,26,4,5,4.1044,1
26,1,0,0,1,6017,1,1,3.5843,0
35,1,2,0,0,25,4,1,4.0903,1
27,1,0,0,1,1355,1,1,3.8101,0
37,1,2,1,0,27,5,3,4.1858,1
28,1,0,0,1,7027,1,1,4.155,0
31,1,2,0,0,37,3,2,4.2202,1
24,1,0,0,1,6169,1,0,3.8554,0
32,1,2,1,0,5,2,4,4.0542,1
26,1,0,0,1,6325,1,1,3.921,0
33,1,2,1,0,3,3,1,4.2108,1
27,1,0,0,1,1899,0,0,3.8101,0
30,1,2,0,0,38,3,4,3.8314,1
27,1,0,0,1,6637,1,1,3.9303,0
35,1,2,0,0,34,3,3,4.3789,1
27,1,0,0,1,6747,1,1,3.708,0
36,1,2,0,0,10,2,4,4.1626,1
23,1,0,0,1,5355,1,1,3.6753,0
36,1,2,0,0,34,2,1,4.4404,1
24,1,0,0,1,2537,0,1,3.8554,0
30,1,2,0,1,43,5,2,4.2566,1
23,1,0,0,1,7935,1,0,3.7623,0
31,1,2,0,0,4,4,3,3.7726,1
23,1,0,0,1,3828,1,1,3.6753,0
32,1,2,0,1,36,2,5,4.0542,1
24,1,0,0,1,7461,1,0,3.8035,0
37,1,2,0,0,8,2,1,4.0441,1
23,1,0,0,1,2489,0,1,3.7623,0
31,1,2,0,1,45,5,2,4.2603,1
27,1,0,0,1,6053,0,1,3.9303,0
34,1,2,1,0,30,5,1,4.2339,1
27,1,0,0,1,647,1,1,3.8101,0
36,1,2,0,0,19,4,3,4.0067,1
24,1,0,0,1,6111,1,1,3.8035,0
28,1,2,0,0,35,3,1,3.7674,1
28,1,0,0,1,946,0,1,4.155,0
36,1,2,0,1,12,5,4,4.2317,1
27,1,0,0,1,7390,1,1,3.708,0
34,1,2,0,1,45,4,1,3.9987,1
26,1,0,0,1,1260,1,0,3.921,0
38,1,2,0,0,25,4,5,4.2185,1
31,1,0,0,1,4674,1,0,3.9536,0
36,1,2,1,1,8,5,3,4.1626,1
27,1,0,0,1,4236,1,1,3.9303,0
35,1,2,0,0,23,2,5,3.737,1
23,1,0,0,1,2005,0,1,3.6425,0
30,1,2,0,1,40,3,1,4.1899,1
24,1,0,0,1,6486,1,0,3.6887,0
37,1,2,1,0,32,4,5,4.0441,1
25,1,0,0,1,2902,0,0,3.8937,0
29,1,2,0,0,13,4,3,3.9783,1
23,1,0,0,1,7395,0,0,3.6425,0
31,1,2,0,1,19,3,1,3.9378,1
23,1,0,0,1,7791,0,1,3.6212,0
32,1,2,0,1,43,2,1,4.2028,1
24,1,0,0,1,7075,1,1,3.8554,0
34,1,2,0,0,18,3,4,4.1019,1
23,1,0,0,1,4486,0,0,3.6753,0
35,1,2,1,0,24,4,4,4.0903,1
28,1,0,0,1,7542,0,1,4.155,0
33,1,2,0,0,31,5,3,4.003,1
23,1,0,0,1,2460,1,0,3.6753,0
32,1,2,0,0,18,2,5,4.1639,1
29,1,0,0,1,1676,0,0,4.0473,0
30,1,2,0,0,23,2,4,4.2151,1
23,1,0,0,1,3202,1,1,3.6425,0
35,1,2,0,1,6,3,5,3.843,1
25,1,0,0,1,6122,1,0,3.8937,0
31,1,2,1,0,7,3,4,3.8732,1
30,1,0,0,1,4321,0,0,3.6981,0
31,1,2,0,1,24,2,3,4.3005,1
28,1,0,0,1,1547,0,1,4.155,0
31,1,2,1,1,6,5,1,3.8732,1
27,1,0,0,1,7876,1,0,3.8101,0
36,1,2,1,0,25,2,2,4.107,1
23,1,0,0,1,7718,0,1,3.6425,0
38,1,2,0,1,35,2,1,3.951,1
29,1,0,0,1,5860,0,0,4.0473,0
37,1,2,0,1,11,2,4,4.2426,1
27,1,0,0,1,1438,1,1,3.764,0
34,1,2,0,1,43,2,1,4.2339,1
25,1,0,0,1,1277,1,1,3.8937,0
34,1,2,0,1,8,3,1,4.0064,1
31,1,0,0,1,4158,0,0,3.9536,0
32,1,2,0,0,36,5,2,4.3278,1
26,1,0,0,1,5456,1,0,3.5843,0
32,1,2,0,1,10,3,4,4.2653,1
24,1,0,0,1,7229,1,1,3.8035,0
34,1,2,1,0,28,2,3,4.1019,1
28,1,0,0,1,6400,1,1,4.155,0
34,1,2,0,0,44,2,2,4.0912,1
27,1,0,0,1,2658,0,1,3.708,0
33,1,2,0,0,23,2,4,3.9683,1
24,1,0,0,1,4184,1,0,3.8554,0
33,1,2,0,0,35,5,2,3.9832,1
28,1,0,0,1,5991,1,1,4.0122,0
29,1,2,0,0,5,3,5,3.8404,1
29,1,0,0,1,633,0,1,4.0473,0
36,1,2,1,0,43,3,2,4.3292,1
28,1,0,0,1,1414,1,1,4.0122,0
38,1,2,0,0,28,2,3,4.2539,1
24,1,0,0,1,7679,0,0,3.6887,0
34,1,2,0,0,39,4,4,4.1163,1
27,1,0,0,1,1797,0,0,3.8562,0
33,1,2,0,1,27,4,1,4.2714,1
27,1,0,0,1,1794,0,0,3.838,0
31,1,2,0,1,19,5,3,4.0668,1
26,1,0,0,1,5918,1,0,4.1039,0
31,1,2,0,0,7,4,5,4.0023,1
31,1,0,0,1,867,1,0,3.9536,0
36,1,2,0,0,31,5,5,4.0595,1
28,1,0,0,1,6947,0,1,4.155,0
38,1,2,1,1,11,5,4,4.146,1
28,1,0,0,1,523,0,1,4.155,0
36,1,2,0,0,12,4,3,4.0487,1
24,1,0,0,1,3544,1,1,3.7202,0
34,1,2,0,0,32,4,4,4.2561,1
29,1,0,0,1,7123,1,1,4.0473,0
29,1,2,0,0,35,2,2,4.1852,1
27,1,0,0,1,2278,0,1,3.8101,0
37,1,2,1,0,24,5,1,4.2426,1
24,1,0,0,1,5744,0,1,3.7202,0
33,1,2,0,0,41,4,3,3.9226,1
23,1,0,0,1,4295,0,1,3.6425,0
32,1,2,0,0,6,3,3,4.1556,1
27,1,0,0,1,4381,1,1,3.8562,0
31,1,2,0,0,8,5,1,4.3005,1
24,1,0,0,1,2574,0,0,3.7202,0
34,1,2,0,0,38,3,3,4.1163,1
27,1,0,0,1,5573,0,0,3.764,0
33,1,2,0,0,27,4,5,4.165,1
27,1,0,0,1,4430,0,1,3.8562,0
37,1,2,0,1,34,4,4,4.1858,1
24,1,0,0,1,6327,0,1,3.8554,0
35,1,2,0,0,38,2,1,4.1503,1
30,1,0,0,1,4315,0,1,3.6981,0
38,1,2,0,1,7,2,2,4.0079,1
24,1,0,0,1,7543,0,0,3.8554,0
34,1,2,0,0,15,3,1,4.1973,1
24,1,0,0,1,6170,1,0,3.7202,0
34,1,2,0,0,9,3,4,3.9957,1
24,1,0,0,1,6571,0,1,3.7202,0
31,1,2,0,0,33,4,2,4.2847,1
25,1,0,0,1,7760,0,0,3.8937,0
31,1,2,0,1,31,3,5,4.0424,1
24,1,0,0,1,1240,0,1,3.8554,0
33,1,2,0,0,20,4,2,4.0179,1
28,1,0,0,1,2274,1,1,4.155,0
33,1,2,0,0,9,2,1,3.9226,1
23,1,0,0,1,3055,0,0,3.6753,0
32,1,2,1,0,24,3,1,4.0778,1
23,1,0,0,1,1071,0,0,3.7623,0
31,1,2,1,1,45,4,5,3.889,1
28,1,0,0,1,659,1,0,4.155,0
33,1,2,0,0,12,4,3,4.3468,1
27,1,0,0,1,6040,0,1,3.764,0
36,1,2,1,0,31,4,3,4.107,1
24,1,0,0,1,3310,0,0,3.8035,0
34,1,2,0,0,27,5,2,4.0575,1
27,1,0,0,1,6416,1,1,3.8101,0
35,1,2,0,0,26,4,5,4.036,1
25,1,0,0,1,2005,1,0,3.8937,0
35,1,2,0,0,45,5,4,4.2617,1
31,1,0,0,1,1025,1,1,3.9536,0
33,1,2,0,0,20,3,1,4.2714,1
24,1,0,0,1,2190,1,1,3.8554,0
34,1,2,1,0,17,2,2,4.0209,1
23,1,0,0,1,5285,0,0,3.6753,0
36,1,2,0,0,10,3,3,4.1598,1
24,1,0,0,1,1886,1,0,3.6887,0
32,1,2,0,0,39,5,3,3.9917,1
24,1,0,0,1,2159,0,1,3.7202,0
31,1,2,0,0,29,3,3,3.8457,1
28,1,0,0,1,695,0,0,4.155,0
33,1,2,0,0,38,2,4,4.0179,1
27,1,0,0,1,2320,1,0,3.838,0
33,1,2,0,1,21,3,1,4.0896,1
24,1,0,0,1,2266,0,0,3.6887,0
32,1,2,0,0,26,2,4,4.007,1
27,1,0,0,1,2308,1,0,3.8562,0
37,1,2,0,1,9,2,4,4.2497,1
24,1,0,0,1,4260,1,1,3.7721,0
31,1,2,0,0,42,5,4,3.926,1
26,1,0,0,1,3523,1,0,3.921,0
33,1,2,1,1,31,5,5,4.3468,1
24,1,0,0,1,4281,1,1,3.8554,0
32,1,2,1,0,13,4,1,4.2889,1
24,1,0,0,1,6265,0,1,3.7202,0
35,1,2,0,0,8,4,5,4.0687,1
24,1,0,0,1,678,0,1,3.8554,0
32,1,2,0,0,19,2,1,4.2653,1
24,1,0,0,1,5606,1,1,3.7202,0
36,1,2,1,0,34,2,2,4.2737,1
24,1,0,0,1,3454,0,1,3.8554,0
36,1,2,1,0,2,5,3,4.0515,1
27,1,0,0,1,2660,0,1,3.8101,0
34,1,2,1,0,1,2,3,3.9987,1
27,1,0,0,1,5010,1,1,3.838,0
31,1,2,0,1,3,4,3,3.9378,1
27,1,0,0,1,1327,0,1,3.708,0
33,1,2,0,0,9,2,3,3.8102,1
24,1,0,0,1,5836,0,1,3.7202,0
33,1,2,0,0,10,2,5,4.1879,1
25,1,0,0,1,4354,1,1,3.8937,0
33,1,2,1,0,30,3,5,4.3697,1
24,1,0,0,1,1297,0,1,3.7721,0
34,1,2,0,1,37,3,1,4.396,1
27,1,0,0,1,3219,1,1,3.838,0
34,1,2,0,1,39,4,5,3.7412,1
23,1,0,0,1,2600,0,0,3.6212,0
33,1,2,1,0,21,5,2,4.1044,1
24,1,0,0,1,4969,0,0,3.6887,0
33,1,2,1,1,6,5,2,4.0179,1
23,1,0,0,1,6343,0,0,3.7623,0
35,1,2,0,0,8,2,3,4.0931,1
23,1,0,0,1,6990,1,0,3.6425,0
33,1,2,1,0,19,2,4,4.0209,1
28,1,0,0,1,5922,0,1,4.0122,0
38,1,2,0,0,25,5,2,3.9579,1
23,1,0,0,1,1666,1,1,3.6212,0
35,1,2,0,0,21,2,3,4.0687,1
27,1,0,0,1,5074,1,0,3.764,0
31,1,2,0,0,39,3,3,3.9905,1
24,1,0,0,1,6494,0,0,3.8554,0
36,1,2,0,0,5,2,2,3.9931,1
24,1,0,0,1,7683,0,0,3.8554,0
36,1,2,0,0,1,5,5,4.1734,1
23,1,0,0,1,3408,1,0,3.6425,0
33,1,2,0,0,6,5,5,4.003,1
27,1,0,0,1,7526,1,0,3.764,0
36,1,2,0,0,15,3,4,4.1042,1
26,1,0,0,1,1016,1,1,3.921,0
35,1,2,0,0,1,3,4,4.1719,1
27,1,0,0,1,1113,0,1,3.8101,0
35,1,2,0,0,12,4,4,4.1072,1
27,1,0,0,1,673,1,0,3.8101,0
32,1,2,0,0,4,5,2,4.3514,1
23,1,0,0,1,6225,0,0,3.7623,0
31,1,2,1,0,15,5,1,4.1958,1
26,1,0,0,1,7006,1,1,4.1039,0
36,1,2,1,1,8,5,5,3.9931,1
23,1,0,0,1,6659,1,0,3.6425,0
36,1,2,1,0,21,4,3,4.1972,1
27,1,0,0,1,5775,0,1,3.764,0
33,1,2,0,0,3,4,1,4.0289,1
23,1,0,0,1,2646,1,0,3.6753,0
36,1,2,0,1,37,2,3,3.9722,1
23,1,0,0,1,3053,1,1,3.6212,0
33,1,2,0,0,22,3,4,3.9832,1
27,1,0,0,1,3828,1,1,3.8101,0
35,1,2,0,0,1,4,3,3.737,1
24,1,0,0,1,5864,0,0,3.8554,0
33,1,2,0,0,18,2,5,4.0289,1
24,1,0,0,1,4735,0,1,3.8554,0
37,1,2,1,1,16,2,4,3.99,1
28,1,0,0,1,763,0,0,4.0122,0
33,1,2,0,0,25,5,5,4.332,1
23,1,0,0,1,736,1,1,3.6212,0
33,1,2,0,0,6,2,4,4.2485,1
23,1,0,0,1,2924,0,1,3.6212,0
34,1,2,0,1,9,2,2,4.4326,1
27,1,0,0,1,2027,0,1,3.838,0
37,1,2,0,0,40,5,1,4.2966,1
23,1,0,0,1,3313,1,0,3.6753,0
37,1,2,0,0,41,4,1,4.1858,1
24,1,0,0,1,3282,1,1,3.6887,0
34,1,2,0,0,41,5,5,4.2898,1
24,1,0,0,1,4052,1,0,3.8554,0
32,1,2,0,0,35,2,4,4.1556,1
24,1,0,0,1,3375,0,1,3.8035,0
33,1,2,0,1,43,2,5,3.9226,1
25,1,0,0,1,1880,0,0,3.8937,0
36,1,2,0,1,2,3,2,3.9722,1
24,1,0,0,1,2841,0,0,3.8554,0
35,1,2,0,0,8,3,3,4.3433,1
26,1,0,0,1,4003,0,0,4.1039,0
34,1,2,0,0,17,2,1,4.1019,1
25,1,0,0,1,2295,1,1,3.8937,0
37,1,2,0,0,19,3,3,4.1957,1
27,1,0,0,1,3608,1,0,3.8101,0
36,1,2,0,1,12,3,5,4.0651,1
27,1,0,0,1,1645,0,0,3.8101,0
35,1,2,0,1,32,4,2,3.843,1
28,1,0,0,1,6531,0,0,4.0122,0
32,1,2,0,1,45,5,2,4.1792,1
26,1,0,0,1,6334,0,1,4.1039,0
38,1,2,0,0,4,3,1,4.1658,1
26,1,0,0,1,7595,0,0,4.1039,0
31,1,2,0,0,5,2,2,4.2202,1
26,1,0,0,1,4805,0,1,3.5843,0
33,1,2,0,0,36,2,4,4.0815,1
24,1,0,0,1,5742,1,1,3.6887,0
29,1,2,1,1,45,4,4,3.7714,1
25,1,0,0,1,7311,1,0,3.8937,0
32,1,2,0,0,35,2,4,4.1167,1
27,1,0,0,1,7101,1,0,3.838,0
32,1,2,0,0,8,2,2,4.2806,1
24,1,0,0,1,1125,1,0,3.8035,0
33,1,2,0,1,22,2,3,3.8937,1
24,1,0,0,1,1279,1,1,3.8554,0
33,1,2,0,1,11,4,2,4.0896,1
23,1,0,0,1,4999,1,1,3.6753,0
33,1,2,0,0,39,4,5,4.1243,1
24,1,0,0,1,1985,0,0,3.8554,0
38,1,2,0,0,19,2,1,4.1357,1
23,1,0,0,1,2512,0,1,3.6753,0
35,1,2,0,0,33,2,3,4.0931,1
26,1,0,0,1,6231,1,1,4.1039,0
36,1,2,1,0,33,4,5,3.8638,1
28,1,0,0,1,6395,0,1,4.0122,0
34,1,2,1,0,22,2,3,4.0545,1
24,1,0,0,1,5161,0,1,3.8554,0
32,1,2,0,0,10,3,3,4.3042,1
24,1,0,0,1,5691,1,0,3.6887,0
36,1,2,1,1,9,3,1,4.0305,1
24,1,0,0,1,4290,1,0,3.8554,0
33,1,2,0,1,30,3,1,4.2485,1
27,1,0,0,1,3414,0,1,3.838,0
31,1,2,0,1,5,3,1,3.9779,1
27,1,0,0,1,3746,1,1,3.8101,0
33,1,2,1,0,39,5,2,4.1273,1
24,1,0,0,1,2818,1,1,3.8035,0
30,1,2,0,0,20,2,1,3.9647,1
28,1,0,0,1,6536,0,0,4.155,0
32,1,2,0,1,23,3,2,4.2417,1
24,1,0,0,1,2067,0,1,3.8554,0
35,1,2,0,0,25,3,4,4.0931,1
26,1,0,0,1,7748,0,0,4.1039,0
31,1,2,0,1,6,5,2,4.1313,1
24,1,0,0,1,4384,1,0,3.7202,0
33,1,2,0,0,37,3,2,4.0209,1
23,1,0,0,1,5604,0,0,3.6753,0
34,1,2,1,0,19,2,2,3.9147,1
23,1,0,0,1,2915,1,0,3.6753,0
32,1,2,0,0,18,2,1,4.0778,1
23,1,0,0,1,4605,1,1,3.6753,0
31,1,2,0,1,40,5,5,4.1682,1
24,1,0,0,1,3517,0,0,3.8035,0
33,1,2,0,0,20,5,5,3.9455,1
30,1,0,0,1,3067,0,1,3.6981,0
32,1,2,0,0,13,5,5,4.1761,1
26,1,0,0,1,3279,1,0,3.5843,0
34,1,2,0,1,13,2,3,3.8192,1
26,1,0,0,1,7477,1,0,3.5843,0
35,1,2,0,0,24,3,3,4.229,1
23,1,0,0,1,5378,1,0,3.6212,0
32,1,2,0,1,7,5,5,4.3042,1
25,1,0,0,1,2551,0,0,3.8937,0
34,1,2,0,1,31,3,1,4.0575,1
26,1,0,0,1,2950,1,0,3.921,0
35,1,2,1,0,20,2,3,3.7014,1
23,1,0,0,1,3081,0,0,3.7623,0
34,1,2,0,0,24,3,5,4.0912,1
27,1,0,0,1,5889,0,0,3.838,0
37,1,2,0,1,36,3,2,4.0441,1
23,1,0,0,1,6861,0,1,3.6425,0
35,1,2,0,1,2,5,1,4.2074,1
24,1,0,0,1,3402,0,0,3.7091,0
31,1,2,0,0,31,5,3,4.0826,1
24,1,0,0,1,4098,1,0,3.8554,0
33,1,2,0,0,34,2,3,3.9573,1
27,1,0,0,1,6282,0,1,3.838,0
35,1,2,0,0,40,2,3,3.8513,1
30,1,0,0,1,5291,1,1,3.6981,0
31,1,2,0,1,40,2,4,3.9378,1
24,1,0,0,1,1428,1,1,3.8035,0
31,1,2,1,1,6,4,4,4.1958,1
26,1,0,0,1,4519,1,0,4.1039,0
33,1,2,0,0,3,4,2,3.9683,1
27,1,0,0,1,644,0,0,3.708,0
36,1,2,0,0,31,5,4,4.2737,1
29,1,0,0,1,5163,0,0,4.0473,0
29,1,2,1,0,10,3,5,4.0733,1
23,1,0,0,1,3154,0,0,3.7623,0
34,1,2,0,1,8,2,1,4.2784,1
27,1,0,0,1,1788,1,1,3.838,0
33,1,2,0,0,34,2,5,4.1502,1
27,1,0,0,1,1752,0,1,3.9303,0
35,1,2,0,1,25,4,1,3.976,1
27,1,0,0,1,3295,1,1,3.9303,0
32,1,2,0,0,28,5,3,3.9681,1
27,1,0,0,1,4669,0,1,3.764,0
33,1,2,0,1,32,2,2,4.1273,1
27,1,0,0,1,2876,1,0,3.708,0
34,1,2,0,1,13,4,5,4.315,1
24,1,0,0,1,4937,0,1,3.8554,0
32,1,2,0,1,17,5,5,4.2264,1
27,1,0,0,1,1372,1,1,3.8101,0
32,1,2,0,0,36,5,2,4.1403,1
24,1,0,0,1,827,1,1,3.8554,0
29,1,2,1,0,5,2,5,3.8799,1
26,1,0,0,1,4869,0,0,3.921,0
35,1,2,0,1,30,4,5,4.243,1
26,1,0,0,1,3577,0,0,4.1039,0
36,1,2,0,0,4,3,4,4.128,1
24,1,0,0,1,3220,1,1,3.7202,0
33,1,2,0,0,24,3,1,4.003,1
27,1,0,0,1,3210,1,0,3.708,0
36,1,2,0,1,36,3,4,4.1598,1
26,1,0,0,1,877,0,1,3.5843,0
37,1,2,1,0,42,5,4,4.0006,1
27,1,0,0,1,7771,1,1,3.708,0
29,1,2,0,0,30,2,5,3.8539,1
29,1,0,0,1,5175,1,1,4.0473,0
35,1,2,0,0,1,2,3,4.0256,1
24,1,0,0,1,2602,0,1,3.8554,0
36,1,2,0,1,19,5,1,4.1626,1
26,1,0,0,1,712,1,0,3.5843,0
34,1,2,0,0,34,3,3,4.1163,1
24,1,0,0,1,1371,1,0,3.8035,0
36,1,2,0,0,13,2,4,4.0095,1
27,1,0,0,1,1345,1,1,3.708,0
35,1,2,0,0,20,3,3,4.0931,1
24,1,0,0,1,7216,0,0,3.6887,0
33,1,2,0,0,45,5,4,3.8997,1
23,1,0,0,1,2650,1,0,3.6753,0
33,1,2,0,0,27,5,2,4.332,1
23,1,0,0,1,5296,1,1,3.6212,0
31,1,2,0,0,44,3,4,4.2847,1
24,1,0,0,1,4831,0,1,3.7721,0
36,1,2,1,0,38,4,3,4.1598,1
24,1,0,0,1,4523,0,1,3.8554,0
32,1,2,0,1,36,5,3,4.2417,1
24,1,0,0,1,4857,0,1,3.8554,0
35,1,2,1,0,10,3,2,4.229,1
24,1,0,0,1,6822,0,1,3.8554,0
38,1,2,1,1,34,5,1,4.3065,1
26,1,0,0,1,3982,0,1,3.921,0
30,1,2,0,1,42,3,1,4.0566,1
24,1,0,0,1,3166,1,1,3.8554,0
35,1,2,1,0,32,4,3,4.2646,1
27,1,0,0,1,2198,0,0,3.838,0
38,1,2,0,0,36,3,3,4.2211,1
27,1,0,0,1,6324,0,0,3.708,0
31,1,2,1,0,18,5,3,4.1958,1
27,1,0,0,1,3939,1,0,3.8562,0
35,1,2,1,1,14,2,2,4.0931,1
27,1,0,0,1,7646,1,0,3.8562,0
31,1,2,0,1,29,2,2,4.0582,1
26,1,0,0,1,548,1,1,4.1039,0
31,1,2,0,0,15,2,4,3.9779,1
24,1,0,0,1,2602,0,0,3.8554,0
34,1,2,0,0,14,4,2,4.1607,1
23,1,0,0,1,3294,0,0,3.6425,0
33,1,2,0,1,21,4,4,4.1879,1
27,1,0,0,1,7925,1,0,3.764,0
31,1,2,1,1,24,5,1,4.0424,1
27,1,0,0,1,2479,0,0,3.8101,0
33,1,2,0,0,20,2,4,4.165,1
24,1,0,0,1,5783,0,0,3.8035,0
35,1,2,1,0,40,5,3,3.9085,1
24,1,0,0,1,1017,1,1,3.8035,0
38,1,2,0,1,10,2,1,3.9027,1
26,1,0,0,1,2801,0,1,3.921,0
34,1,2,1,0,19,3,4,4.2561,1
24,1,0,0,1,6945,0,1,3.8554,0
36,1,2,0,0,3,2,5,4.0487,1
28,1,0,0,1,5846,0,1,4.0122,0
33,1,2,0,1,35,5,1,4.0289,1
24,1,0,0,1,2415,0,0,3.6887,0
35,1,2,0,0,20,5,4,4.2074,1
26,1,0,0,1,1430,1,1,3.5843,0
32,1,2,0,0,17,4,1,4.1556,1
23,1,0,0,1,4185,0,0,3.7623,0
34,1,2,0,1,44,3,5,4.396,1
27,1,0,0,1,6848,1,0,3.8101,0
31,1,2,0,0,23,5,5,4.3005,1
24,1,0,0,1,1714,1,1,3.7721,0
34,1,2,0,1,31,3,2,4.2898,1
24,1,0,0,1,1828,0,1,3.6887,0
30,1,2,0,0,28,3,3,4.0566,1
27,1,0,0,1,2249,0,1,3.8562,0
34,1,2,0,0,11,5,4,4.0294,1
24,1,0,0,1,2054,1,1,3.8554,0
31,1,2,0,1,36,3,2,4.236,1
24,1,0,0,1,3827,0,1,3.8035,0
36,1,2,0,1,2,5,4,4.107,1
27,1,0,0,1,1240,1,1,3.838,0
31,1,2,0,0,30,4,2,4.0023,1
31,1,0,0,1,7982,1,0,3.9536,0
33,1,2,0,0,10,5,3,4.1879,1
27,1,0,0,1,6002,0,0,3.838,0
37,1,2,0,1,30,4,3,4.1345,1
27,1,0,0,1,1573,1,0,3.8101,0
33,1,2,0,0,5,3,5,3.9683,1
24,1,0,0,1,7273,1,0,3.7721,0
31,1,2,1,0,38,5,4,3.9016,1
30,1,0,0,1,1097,0,1,3.6981,0
31,1,2,1,1,36,2,5,4.236,1
27,1,0,0,1,2422,1,0,3.764,0
35,1,2,0,0,12,4,1,4.0144,1
23,1,0,0,1,6814,0,0,3.6212,0
33,1,2,1,1,32,3,1,3.9832,1
23,1,0,0,1,2942,0,0,3.6425,0
33,1,2,0,0,40,3,2,4.3091,1
23,1,0,0,1,3345,1,1,3.6753,0
35,1,2,0,1,33,5,5,4.1719,1
27,1,0,0,1,5398,0,0,3.9303,0
35,1,2,0,0,8,5,2,4.1999,1
29,1,0,0,1,2829,1,1,4.0473,0
34,1,2,0,1,44,5,3,4.0575,1
23,1,0,0,1,2925,0,1,3.6212,0
34,1,2,1,0,1,3,5,4.0323,1
24,1,0,0,1,4602,1,0,3.7721,0
35,1,2,0,1,18,3,1,4.3789,1
27,1,0,0,1,7242,1,0,3.764,0
34,1,2,0,1,5,3,3,4.1973,1
23,1,0,0,1,2434,1,1,3.6212,0
32,1,2,0,0,40,4,3,4.2889,1
24,1,0,0,1,1347,0,1,3.8554,0
34,1,2,0,1,12,2,3,4.1163,1
24,1,0,0,1,7123,1,1,3.7721,0
30,1,2,1,0,7,5,3,4.0817,1
29,1,0,0,1,752,0,1,4.0473,0
35,1,2,0,0,2,2,4,4.05,1
26,1,0,0,1,1245,1,1,3.5843,0
29,1,2,1,0,43,2,2,3.9094,1
23,1,0,0,1,7445,0,1,3.7623,0
33,1,2,0,0,18,2,3,3.9306,1
24,1,0,0,1,567,0,0,3.8554,0
35,1,2,1,0,35,4,3,4.0903,1
23,1,0,0,1,5590,0,0,3.6212,0
33,1,2,0,1,34,2,1,3.9196,1
25,1,0,0,1,2770,1,0,3.8937,0
33,1,2,0,0,5,2,3,4.3091,1
23,1,0,0,1,1872,1,1,3.6753,0
35,1,2,0,1,13,3,2,3.8757,1
25,1,0,0,1,2714,1,0,3.8937,0
36,1,2,0,0,33,5,2,4.1762,1
27,1,0,0,1,7202,0,0,3.8562,0
33,1,2,0,1,31,4,5,3.8818,1
25,1,0,0,1,6829,1,0,3.8937,0
33,1,2,0,0,2,2,3,4.0438,1
27,1,0,0,1,3424,1,0,3.9303,0
32,1,2,1,0,37,4,1,4.0275,1
23,1,0,0,1,3294,1,1,3.6425,0
31,1,2,1,1,35,5,1,3.9134,1
27,1,0,0,1,6034,0,1,3.8562,0
30,1,2,0,0,4,4,1,4.3232,1
26,1,0,0,1,2582,0,0,4.1039,0
31,1,2,1,1,13,3,1,4.2847,1
24,1,0,0,1,2325,0,1,3.7091,0
32,1,2,0,0,28,2,5,4.1403,1
24,1,0,0,1,1127,0,0,3.8554,0
31,1,2,0,0,15,5,4,4.1313,1
24,1,0,0,1,7824,0,1,3.8554,0
34,1,2,1,1,7,4,5,4.2784,1
26,1,0,0,1,7111,1,0,3.5843,0
36,1,2,1,1,42,3,3,4.107,1
26,1,0,0,1,4195,0,1,3.5843,0
36,1,2,0,0,12,4,4,4.0277,1
25,1,0,0,1,2027,1,0,3.8937,0
35,1,2,0,1,15,5,3,4.0903,1
27,1,0,0,1,7134,1,0,3.8101,0
34,1,2,0,0,35,2,5,3.9987,1
24,1,0,0,1,2930,0,1,3.8554,0
35,1,2,0,0,25,3,2,4.0332,1
23,1,0,0,1,7710,1,1,3.6753,0
33,1,2,0,0,26,3,3,4.1273,1
26,1,0,0,1,2494,0,1,3.921,0
31,1,2,0,0,32,4,4,3.9134,1
23,1,0,0,1,1180,0,0,3.6425,0
33,1,2,0,1,16,2,2,4.2336,1
24,1,0,0,1,2554,0,0,3.8035,0
33,1,2,1,1,10,2,1,4.2714,1
27,1,0,0,1,2491,1,1,3.708,0
34,1,2,0,0,28,4,2,4.0575,1
24,1,0,0,1,1364,1,0,3.8554,0
35,1,2,0,0,43,3,1,4.0576,1
28,1,0,0,1,4569,0,0,4.0122,0
36,1,2,0,0,2,2,1,4.1416,1
29,1,0,0,1,4575,1,0,4.0473,0
34,1,2,1,1,30,4,4,3.9987,1
24,1,0,0,1,515,0,1,3.8554,0
33,1,2,1,0,5,2,4,3.8391,1
24,1,0,0,1,3351,1,1,3.6887,0
33,1,2,1,0,45,2,1,4.332,1
27,1,0,0,1,6371,1,1,3.8101,0
34,1,2,0,0,20,2,5,4.0179,1
27,1,0,0,1,6503,1,0,3.8101,0
33,1,2,1,0,22,2,3,4.003,1
26,1,0,0,1,3248,1,0,4.1039,0
36,1,2,0,0,5,5,1,4.3292,1
24,1,0,0,1,4199,0,1,3.7202,0
35,1,2,1,0,40,5,2,4.243,1
28,1,0,0,1,5056,0,0,4.0122,0
32,1,2,0,0,45,4,4,4.2417,1
28,1,0,0,1,7447,0,0,4.155,0
34,1,2,1,0,38,4,3,4.0323,1
24,1,0,0,1,4408,1,0,3.7091,0
34,1,2,0,0,19,2,4,4.0797,1
23,1,0,0,1,1097,0,1,3.7623,0
33,1,2,0,0,8,5,3,4.1502,1
23,1,0,0,1,7212,0,0,3.6425,0
33,1,2,1,1,44,2,1,4.2485,1
26,1,0,0,1,4508,0,1,4.1039,0
35,1,2,0,0,13,2,2,4.436,1
23,1,0,0,1,5340,1,1,3.6212,0
37,1,2,0,0,40,5,3,4.2089,1
24,1,0,0,1,1160,0,1,3.8035,0
36,1,2,0,1,10,5,2,4.1734,1
27,1,0,0,1,1452,1,0,3.8101,0
36,1,2,1,0,2,4,2,4.3156,1
29,1,0,0,1,4149,1,1,4.0473,0
32,1,2,1,0,9,3,5,3.9528,1
27,1,0,0,1,6724,1,0,3.9303,0
32,1,2,0,0,39,2,1,4.2264,1
24,1,0,0,1,2753,1,0,3.8554,0
36,1,2,0,0,29,4,4,4.2947,1
27,1,0,0,1,2078,1,1,3.8101,0
33,1,2,1,1,17,4,1,4.0209,1
28,1,0,0,1,1334,1,0,4.0122,0
30,1,2,0,0,12,3,1,3.9647,1
23,1,0,0,1,2469,1,1,3.6425,0
34,1,2,1,0,41,2,5,4.3516,1
27,1,0,0,1,1900,1,1,3.764,0
36,1,2,0,1,18,5,2,4.1626,1
26,1,0,0,1,3221,1,0,3.5843,0
34,1,2,0,1,15,3,4,4.0575,1
27,1,0,0,1,7970,1,0,3.8101,0
32,1,2,1,1,17,3,4,4.0275,1
23,1,0,0,1,3052,1,0,3.7623,0
31,1,2,0,1,36,3,3,4.0023,1
24,1,0,0,1,2335,1,1,3.8554,0
36,1,2,0,1,19,5,5,4.1416,1
27,1,0,0,1,1468,1,1,3.8101,0
37,1,2,0,1,44,4,3,4.2966,1
27,1,0,0,1,7669,1,0,3.838,0
31,1,2,0,1,29,5,2,3.889,1
24,1,0,0,1,3320,0,0,3.8554,0
30,1,2,0,0,38,3,2,3.9647,1
27,1,0,0,1,7536,1,0,3.708,0
33,1,2,0,0,40,5,4,4.0289,1
24,1,0,0,1,3529,0,1,3.8554,0
36,1,2,1,0,36,4,5,4.1626,1
23,1,0,0,1,7000,0,0,3.6212,0
32,1,2,0,1,19,3,4,3.9917,1
28,1,0,0,1,1186,0,0,4.0122,0
38,1,2,0,0,33,5,3,4.146,1
31,1,0,0,1,937,1,1,3.9536,0
31,1,2,0,0,20,4,1,3.8732,1
28,1,0,0,1,7439,0,0,4.0122,0
33,1,2,0,0,32,5,5,4.0556,1
24,1,0,0,1,1858,1,1,3.6887,0
35,1,2,1,0,16,2,4,4.0472,1
24,1,0,0,1,6433,0,0,3.8554,0
36,1,2,0,0,16,2,4,4.107,1
27,1,0,0,1,6436,0,0,3.764,0
35,1,2,1,0,8,3,4,4.1043,1
31,1,0,0,1,7560,0,0,3.9536,0
31,1,2,1,0,33,2,4,4.1037,1
24,1,0,0,1,4681,0,1,3.8554,0
34,1,2,0,0,44,2,3,4.2339,1
27,1,0,0,1,4807,1,0,3.8562,0
30,1,2,0,0,24,5,5,3.9899,1
30,1,0,0,1,2717,0,0,3.6981,0
34,1,2,0,1,31,3,2,4.315,1
26,1,0,0,1,2503,1,1,4.1039,0
30,1,2,0,0,40,4,5,4.1232,1
24,1,0,0,1,3704,1,0,3.6887,0
37,1,2,0,1,4,4,1,4.0104,1
26,1,0,0,1,1079,0,0,3.921,0
37,1,2,1,0,26,3,3,4.1885,1
24,1,0,0,1,4688,0,1,3.7091,0
34,1,2,0,1,44,4,3,4.4914,1
23,1,0,0,1,5253,0,1,3.6212,0
37,1,2,0,0,36,5,3,4.1522,1
23,1,0,0,1,2629,0,1,3.6753,0
37,1,2,1,0,42,2,5,4.2089,1
23,1,0,0,1,2125,1,0,3.7623,0
30,1,2,0,0,13,5,4,4.1899,1
24,1,0,0,1,4844,1,0,3.7721,0
31,1,2,0,0,44,2,3,3.9134,1
24,1,0,0,1,2933,1,0,3.8554,0
31,1,2,1,0,18,3,5,4.2202,1
26,1,0,0,1,2695,1,0,3.921,0
37,1,2,1,0,1,2,5,4.2089,1
27,1,0,0,1,6674,0,1,3.8101,0
29,1,2,0,0,21,4,5,3.7883,1
24,1,0,0,1,7267,0,1,3.8035,0
34,1,2,0,0,39,3,2,4.4326,1
24,1,0,0,1,7028,0,0,3.7091,0
29,1,2,1,1,12,3,5,3.9783,1
24,1,0,0,1,7104,1,0,3.7091,0
35,1,2,0,0,23,5,2,4.2074,1
24,1,0,0,1,3342,1,0,3.7202,0
30,1,2,0,1,39,3,4,3.9111,1
26,1,0,0,1,2121,1,1,3.921,0
34,1,2,0,0,37,3,2,4.1356,1
31,1,0,0,1,4332,1,1,3.9536,0
33,1,2,1,1,31,4,3,3.9832,1
26,1,0,0,1,1518,1,0,4.1039,0
33,1,2,0,0,44,4,4,4.1044,1
27,1,0,0,1,4733,0,0,3.838,0
32,1,2,0,1,23,4,3,4.0778,1
24,1,0,0,1,5300,0,1,3.6887,0
30,1,2,1,0,20,5,2,4.2151,1
28,1,0,0,1,3291,1,1,4.0122,0
29,1,2,1,0,43,5,4,3.8404,1
23,1,0,0,1,1629,0,1,3.6425,0
32,1,2,0,1,34,2,4,4.1556,1
24,1,0,0,1,7556,1,0,3.8554,0
34,1,2,0,1,3,2,3,4.0941,1
28,1,0,0,1,1772,1,0,4.155,0
37,1,2,0,0,14,3,4,4.1522,1
28,1,0,0,1,4723,0,0,4.0122,0
33,1,2,0,1,35,3,3,4.1879,1
27,1,0,0,1,7493,1,1,3.8101,0
37,1,2,0,0,5,4,2,4.2266,1
23,1,0,0,1,1860,1,1,3.6425,0
34,1,2,0,1,17,4,3,4.0941,1
23,1,0,0,1,2306,1,1,3.7623,0
31,1,2,0,1,1,4,5,4.3492,1
23,1,0,0,1,1553,0,0,3.6753,0
33,1,2,0,0,43,4,2,3.9226,1
27,1,0,0,1,4275,0,0,3.708,0
37,1,2,0,0,40,5,3,3.9723,1
27,1,0,0,1,7575,1,1,3.8562,0
32,1,2,1,0,25,2,2,4.2028,1
24,1,0,0,1,4214,0,1,3.8035,0
36,1,2,0,0,24,2,4,4.0487,1
30,1,0,0,1,5191,0,0,3.6981,0
32,1,2,0,0,36,2,2,4.2653,1
24,1,0,0,1,5043,1,0,3.8554,0
28,1,2,1,1,35,5,3,4.0661,1
27,1,0,0,1,3422,1,1,3.708,0
33,1,2,0,0,2,4,3,3.9196,1
27,1,0,0,1,6647,1,0,3.8101,0
34,1,2,1,0,18,5,2,4.1607,1
23,1,0,0,1,7629,1,0,3.7623,0
32,1,2,0,1,3,3,3,4.1556,1
27,1,0,0,1,3500,1,1,3.9303,0
32,1,2,0,1,8,5,4,4.2653,1
30,1,0,0,1,2417,0,1,3.6981,0
32,1,2,0,1,6,5,1,4.2028,1
27,1,0,0,1,589,1,0,3.8101,0
33,1,2,1,1,34,3,3,4.003,1
27,1,0,0,1,2912,1,0,3.708,0
33,1,2,0,0,37,3,3,4.0667,1
25,1,0,0,1,7210,1,0,3.8937,0
33,1,2,0,1,45,4,2,4.3697,1
24,1,0,0,1,5024,1,1,3.8554,0
31,1,2,1,0,38,2,2,4.236,1
25,1,0,0,1,7633,1,0,3.8937,0
31,1,2,1,0,14,4,3,4.0392,1
26,1,0,0,1,4104,1,1,3.5843,0
30,1,2,1,0,42,3,4,4.1232,1
24,1,0,0,1,7882,1,1,3.8554,0
36,1,2,0,0,21,4,3,3.9194,1
27,1,0,0,1,6798,1,1,3.8562,0
35,1,2,0,0,5,5,4,3.9789,1
24,1,0,0,1,564,1,1,3.7202,0
33,1,2,0,0,14,5,2,4.165,1
24,1,0,0,1,6103,1,0,3.6887,0
34,1,2,0,1,22,3,1,4.1019,1
24,1,0,0,1,7293,1,0,3.8035,0
34,1,2,1,0,21,4,2,4.0179,1
24,1,0,0,1,1844,0,1,3.8554,0
29,1,2,0,1,31,4,3,4.1163,1
23,1,0,0,1,2166,1,0,3.6753,0
32,1,2,0,0,21,5,4,4.0931,1
23,1,0,0,1,1183,1,1,3.6753,0
34,1,2,0,0,2,5,5,4.0767,1
27,1,0,0,1,768,1,1,3.764,0
33,1,2,0,0,12,3,4,3.8212,1
24,1,0,0,1,1982,0,0,3.8035,0
30,1,2,0,1,26,3,1,4.0314,1
27,1,0,0,1,2947,1,0,3.838,0
33,1,2,1,0,17,3,2,4.003,1
26,1,0,0,1,5991,1,1,3.5843,0
35,1,2,1,1,39,5,1,4.0903,1
24,1,0,0,1,6154,0,1,3.8554,0
35,1,2,1,1,33,3,2,4.0256,1
23,1,0,0,1,1340,1,0,3.7623,0
33,1,2,0,0,38,3,1,4.2485,1
30,1,0,0,1,2945,1,1,3.6981,0
33,1,2,1,1,30,2,5,3.8391,1
27,1,0,0,1,5136,1,1,3.764,0
36,1,2,0,1,8,3,2,4.3638,1
24,1,0,0,1,6008,1,1,3.7202,0
31,1,2,0,1,22,5,4,4.0424,1
24,1,0,0,1,6639,0,0,3.7091,0
35,1,2,1,1,24,2,3,4.436,1
29,1,0,0,1,2972,1,0,4.0473,0
31,1,2,1,0,21,5,5,4.0668,1
23,1,0,0,1,1140,1,0,3.6425,0
35,1,2,1,0,18,2,4,4.0256,1
24,1,0,0,1,7014,1,1,3.7202,0
35,1,2,0,1,15,3,1,4.1503,1
24,1,0,0,1,2791,1,0,3.8554,0
31,1,2,0,1,24,5,1,4.2847,1
23,1,0,0,1,5568,1,1,3.6212,0
33,1,2,0,1,28,4,4,4.2108,1
23,1,0,0,1,7868,0,1,3.6212,0
35,1,2,0,1,40,5,4,3.7942,1
25,1,0,0,1,914,0,0,3.8937,0
37,1,2,1,0,43,5,3,4.3038,1
30,1,0,0,1,6826,0,0,3.6981,0
29,1,2,1,0,13,2,2,4.0733,1
26,1,0,0,1,6788,1,1,4.1039,0
32,1,2,0,0,30,3,2,4.1639,1
31,1,0,0,1,7113,1,1,3.9536,0
32,1,2,0,0,45,5,1,4.3903,1
23,1,0,0,1,6632,1,0,3.6425,0
29,1,2,0,0,13,5,4,3.8573,1
24,1,0,0,1,7074,0,0,3.7091,0
35,1,2,1,1,2,4,2,3.7726,1
28,1,0,0,1,5903,1,0,4.0122,0
33,1,2,1,1,38,2,4,4.2485,1
26,1,0,0,1,4235,0,1,3.5843,0
34,1,2,0,0,14,3,2,4.2561,1
23,1,0,0,1,5061,1,1,3.6425,0
33,1,2,0,1,34,4,2,3.9832,1
31,1,0,0,1,7114,1,0,3.9536,0
32,1,2,1,1,1,4,5,4.3903,1
24,1,0,0,1,2672,1,0,3.7091,0
32,1,2,0,0,31,2,2,4.1556,1
27,1,0,0,1,2281,0,0,3.764,0
34,1,2,1,0,45,2,2,4.2784,1
29,1,0,0,1,7327,0,0,4.0473,0
31,1,2,0,0,13,4,5,4.1715,1
24,1,0,0,1,561,1,1,3.7202,0
33,1,2,0,0,45,5,4,3.7496,1
24,1,0,0,1,3202,0,1,3.7091,0
34,1,2,1,0,1,4,2,4.1973,1
23,1,0,0,1,5076,1,0,3.6753,0
31,1,2,1,0,38,5,5,4.0181,1
25,1,0,0,1,820,0,0,3.8937,0
36,1,2,0,0,32,5,1,4.1762,1
27,1,0,0,1,7064,0,0,3.8101,0
36,1,2,0,1,12,3,2,4.1042,1
28,1,0,0,1,1909,0,1,4.155,0
36,1,2,1,0,16,2,1,4.0277,1
27,1,0,0,1,5888,0,0,3.8562,0
34,1,2,0,1,25,2,1,3.9957,1
24,1,0,0,1,1182,0,1,3.7202,0
32,1,2,1,1,37,3,4,4.3514,1
28,1,0,0,1,4117,1,0,4.155,0
33,1,2,0,1,42,5,2,3.9832,1
27,1,0,0,1,6294,1,0,3.708,0
33,1,2,0,1,4,5,3,4.2485,1
31,1,0,0,1,6754,1,1,3.9536,0
34,1,2,0,1,17,2,4,4.2339,1
27,1,0,0,1,7555,1,0,3.8101,0
36,1,2,0,0,10,4,4,4.3502,1
24,1,0,0,1,5307,1,1,3.7202,0
35,1,2,1,0,34,5,3,4.2074,1
24,1,0,0,1,3477,0,1,3.8035,0
31,1,2,0,1,45,3,3,4.236,1
24,1,0,0,1,7246,1,0,3.8554,0
31,1,2,0,0,20,5,3,4.2202,1
24,1,0,0,1,4969,1,0,3.8554,0
36,1,2,1,0,42,2,3,4.2181,1
28,1,0,0,1,4391,1,0,4.0122,0
33,1,2,0,0,24,3,2,4.2485,1
27,1,0,0,1,2970,0,0,3.838,0
35,1,2,0,0,8,5,5,4.0472,1
25,1,0,0,1,4413,1,1,3.8937,0
34,1,2,0,0,21,5,4,4.1385,1
24,1,0,0,1,989,1,0,3.8554,0
35,1,2,0,0,24,2,3,4.036,1
24,1,0,0,1,2534,0,0,3.6887,0
33,1,2,0,0,34,3,1,4.1502,1
27,1,0,0,1,5837,1,1,3.838,0
37,1,2,0,0,32,5,1,3.9696,1
24,1,0,0,1,5635,1,0,3.7202,0
31,1,2,1,0,3,5,3,4.2761,1
29,1,0,0,1,3787,0,0,4.0473,0
31,1,2,1,0,44,5,5,3.8858,1
23,1,0,0,1,4074,0,1,3.6212,0
35,1,2,1,0,15,5,4,4.2214,1
24,1,0,0,1,7548,1,0,3.8554,0
35,1,2,1,0,37,2,4,4.2646,1
26,1,0,0,1,1415,1,1,4.1039,0
29,1,2,0,1,34,2,1,3.8539,1
24,1,0,0,1,6800,0,0,3.8554,0
34,1,2,0,1,24,3,1,4.0575,1
27,1,0,0,1,7679,1,0,3.8101,0
34,1,2,1,1,38,2,4,4.3594,1
31,1,0,0,1,5879,1,1,3.9536,0
33,1,2,0,0,24,4,4,4.0667,1
27,1,0,0,1,1650,0,0,3.8101,0
33,1,2,0,0,24,3,5,4.2942,1
26,1,0,0,1,5813,1,0,3.921,0
33,1,2,1,0,41,4,1,4.2714,1
27,1,0,0,1,4613,1,0,3.9303,0
34,1,2,0,0,1,3,1,4.315,1
28,1,0,0,1,6543,1,1,4.155,0
37,1,2,1,0,20,5,4,4.0981,1
25,1,0,0,1,7240,1,1,3.8937,0
34,1,2,0,0,41,3,5,4.4326,1
24,1,0,0,1,1692,0,1,3.7721,0
35,1,2,0,0,40,2,4,4.0856,1
27,1,0,0,1,5758,0,0,3.8101,0
35,1,2,0,0,36,3,3,4.036,1
27,1,0,0,1,4113,0,0,3.8101,0
34,1,2,0,0,33,4,5,4.0323,1
24,1,0,0,1,2809,1,1,3.6887,0
32,1,2,0,1,31,3,2,4.0542,1
27,1,0,0,1,4056,0,1,3.708,0
35,1,2,0,0,6,5,5,4.1287,1
26,1,0,0,1,6274,0,0,4.1039,0
36,1,2,0,1,37,2,2,4.2947,1
24,1,0,0,1,4655,0,0,3.6887,0
31,1,2,0,0,25,3,2,3.9102,1
27,1,0,0,1,4155,0,0,3.708,0
32,1,2,0,0,39,4,4,4.2028,1
29,1,0,0,1,4635,0,0,4.0473,0
34,1,2,1,0,3,4,3,4.1356,1
27,1,0,0,1,1080,1,0,3.764,0
31,1,2,0,0,38,5,3,4.1557,1
23,1,0,0,1,7577,1,0,3.6425,0
36,1,2,0,0,43,3,1,3.7188,1
23,1,0,0,1,6177,0,1,3.6753,0
38,1,2,0,1,13,4,1,3.9232,1
30,1,0,0,1,5340,1,0,3.6981,0
34,1,2,0,1,44,2,1,4.1241,1
24,1,0,0,1,1529,0,0,3.8554,0
35,1,2,0,0,7,5,3,4.1072,1
24,1,0,0,1,6373,0,0,3.7721,0
35,1,2,0,0,14,5,3,4.3789,1
27,1,0,0,1,1518,1,1,3.838,0
36,1,2,0,0,39,4,1,4.1042,1
29,1,0,0,1,6583,1,1,4.0473,0
33,1,2,0,0,44,5,5,4.2485,1
27,1,0,0,1,5106,0,0,3.8101,0
34,1,2,0,0,35,5,3,4.0575,1
30,1,0,0,1,813,0,0,3.6981,0
36,1,2,1,0,24,4,4,4.086,1
28,1,0,0,1,4846,1,0,4.155,0
32,1,2,0,0,40,3,3,3.8042,1
30,1,0,0,1,2964,1,1,3.6981,0
33,1,2,1,0,45,5,2,4.1273,1
30,1,0,0,1,6240,0,0,3.6981,0
33,1,2,0,0,30,5,4,4.3091,1
23,1,0,0,1,4910,1,1,3.7623,0
34,1,2,1,1,14,2,5,4.0575,1
24,1,0,0,1,1128,0,1,3.7202,0
37,1,2,0,0,43,4,5,4.1726,1
23,1,0,0,1,2406,1,0,3.7623,0
30,1,2,0,0,23,2,1,3.8444,1
28,1,0,0,1,5711,0,0,4.0122,0
34,1,2,1,0,25,2,5,3.8781,1
23,1,0,0,1,2250,0,1,3.6212,0
32,1,2,0,0,38,4,5,4.2653,1
27,1,0,0,1,1825,0,1,3.8101,0
33,1,2,0,0,23,2,3,4.1879,1
31,1,0,0,1,4866,0,1,3.9536,0
34,1,2,0,1,37,5,1,4.1751,1
27,1,0,0,1,7909,1,0,3.708,0
36,1,2,0,0,18,2,3,4.107,1
26,1,0,0,1,807,0,1,3.5843,0
34,1,2,0,0,20,3,2,4.2339,1
27,1,0,0,1,7184,1,0,3.8101,0
35,1,2,0,1,15,3,3,3.9329,1
30,1,0,0,1,2913,1,0,3.6981,0
35,1,2,0,1,43,2,3,4.1043,1
28,1,0,0,1,4407,1,0,4.0122,0
31,1,2,0,0,43,2,5,4.0023,1
27,1,0,0,1,6623,1,1,3.838,0
30,1,2,0,0,7,5,2,3.9899,1
24,1,0,0,1,7263,0,1,3.8554,0
32,1,2,0,1,2,3,2,4.1792,1
27,1,0,0,1,4616,0,0,3.9303,0
31,1,2,1,0,9,5,1,3.9102,1
24,1,0,0,1,4519,0,1,3.8554,0
37,1,2,1,1,29,5,5,4.1212,1
23,1,0,0,1,5193,0,0,3.6425,0
37,1,2,0,0,19,5,1,4.2293,1
27,1,0,0,1,3636,1,1,3.8101,0
34,1,2,0,0,19,4,1,4.1385,1
28,1,0,0,1,785,1,0,4.0122,0
31,1,2,0,1,23,3,3,4.1069,1
24,1,0,0,1,5295,0,0,3.6887,0
35,1,2,0,0,43,2,3,3.8513,1
28,1,0,0,1,4508,0,1,4.0122,0
33,1,2,0,0,11,5,5,4.1502,1
29,1,0,0,1,1937,0,0,4.0473,0
32,1,2,0,1,11,2,1,4.09,1
26,1,0,0,1,6506,1,1,3.921,0
33,1,2,0,0,6,2,3,4.1879,1
27,1,0,0,1,6482,0,0,3.9303,0
35,1,2,0,0,39,3,5,4.2861,1
24,1,0,0,1,6235,0,0,3.7091,0
36,1,2,0,0,13,4,1,4.0595,1
27,1,0,0,1,2544,1,0,3.764,0
37,1,2,0,0,14,5,2,4.0441,1
29,1,0,0,1,4884,0,0,4.0473,0
37,1,2,0,0,37,5,3,4.3782,1
24,1,0,0,1,6780,0,1,3.7721,0
32,1,2,1,0,40,4,5,4.1403,1
26,1,0,0,1,7010,0,1,4.1039,0
36,1,2,0,0,20,4,2,4.1626,1
27,1,0,0,1,7957,0,0,3.9303,0
32,1,2,1,0,19,5,5,4.2028,1
25,1,0,0,1,5691,1,1,3.8937,0
31,1,2,1,0,34,5,5,4.2202,1
23,1,0,0,1,4321,0,0,3.6753,0
33,1,2,0,1,44,3,4,3.9424,1
26,1,0,0,1,4058,1,1,4.1039,0
33,1,2,0,1,39,2,5,4.1879,1
27,1,0,0,1,653,0,0,3.9303,0
34,1,2,0,0,9,4,5,4.1356,1
23,1,0,0,1,7276,0,1,3.6753,0
31,1,2,0,0,29,5,3,3.9378,1
26,1,0,0,1,4402,1,1,4.1039,0
35,1,2,0,0,39,5,1,4.1859,1
26,1,0,0,1,6922,1,0,3.5843,0
30,1,2,1,0,43,4,5,4.1899,1
27,1,0,0,1,2525,1,0,3.8562,0
34,1,2,1,0,29,2,4,4.0719,1
23,1,0,0,1,5701,0,0,3.6212,0
34,1,2,0,0,20,2,1,4.2928,1
29,1,0,0,1,5832,0,0,4.0473,0
29,1,2,0,0,8,5,5,3.8799,1
24,1,0,0,1,5916,1,0,3.8554,0
35,1,2,0,1,38,3,5,3.737,1
27,1,0,0,1,6844,1,1,3.708,0
34,1,2,0,0,19,4,3,4.0209,1
28,1,0,0,1,891,0,0,4.0122,0
30,1,2,1,1,34,2,2,4.0314,1
27,1,0,0,1,6649,0,1,3.838,0
29,1,2,1,1,35,2,4,3.9783,1
26,1,0,0,1,3048,0,1,4.1039,0
30,1,2,0,1,6,2,4,3.8314,1
24,1,0,0,1,6102,1,0,3.7721,0
36,1,2,0,0,8,5,5,4.128,1
26,1,0,0,1,5183,1,1,3.921,0
33,1,2,0,0,44,4,3,4.0438,1
30,1,0,0,1,1715,0,0,3.6981,0
35,1,2,1,0,23,4,5,4.3789,1
24,1,0,0,1,5560,1,0,3.7091,0
30,1,2,0,0,9,5,5,4.1232,1
24,1,0,0,1,3051,0,0,3.6887,0
33,1,2,0,0,25,3,1,4.0061,1
23,1,0,0,1,5545,0,0,3.6425,0
35,1,2,0,0,31,4,2,4.0116,1
28,1,0,0,1,7082,1,1,4.0122,0
37,1,2,0,0,17,5,4,4.0672,1
27,1,0,0,1,7153,1,1,3.8101,0
28,1,2,0,0,20,3,2,3.8658,1
26,1,0,0,1,6055,1,0,3.5843,0
34,1,2,0,0,2,4,4,4.0767,1
24,1,0,0,1,2203,1,0,3.8554,0
33,1,2,1,0,27,4,2,4.0896,1
23,1,0,0,1,3982,0,0,3.6212,0
32,1,2,0,0,35,2,4,4.3278,1
24,1,0,0,1,3114,0,0,3.8554,0
33,1,2,0,0,27,2,5,4.1273,1
27,1,0,0,1,5893,0,1,3.708,0
35,1,2,0,1,16,2,3,4.1503,1
27,1,0,0,1,5372,1,1,3.838,0
34,1,2,0,1,29,5,2,4.3738,1
27,1,0,0,1,2841,1,1,3.8562,0
29,1,2,0,1,6,4,5,3.9783,1
27,1,0,0,1,5765,0,0,3.764,0
28,1,2,1,0,22,5,2,3.8249,1
23,1,0,0,1,1716,0,1,3.6425,0
35,1,2,1,0,28,2,4,4.1859,1
27,1,0,0,1,6547,1,1,3.8562,0
30,1,2,1,1,36,4,3,4.2151,1
24,1,0,0,1,1642,1,1,3.6887,0
35,1,2,0,0,29,4,4,4.229,1
24,1,0,0,1,7743,1,1,3.8035,0
33,1,2,0,0,24,2,3,4.173,1
24,1,0,0,1,6659,0,1,3.7202,0
32,1,2,1,1,37,4,3,4.2653,1
24,1,0,0,1,812,1,1,3.8035,0
30,1,2,0,0,5,5,1,4.0729,1
24,1,0,0,1,4181,1,0,3.7721,0
29,1,2,1,0,37,4,4,4.1163,1
27,1,0,0,1,5953,1,0,3.8101,0
33,1,2,0,0,28,5,4,4.173,1
27,1,0,0,1,6133,1,1,3.9303,0
33,1,2,0,0,35,3,1,4.0179,1
24,1,0,0,1,4106,1,0,3.8554,0
37,1,2,0,0,42,5,1,4.2426,1
27,1,0,0,1,6331,0,1,3.708,0
34,1,2,0,0,27,3,1,3.9735,1
26,1,0,0,1,7397,0,1,3.5843,0
32,1,2,0,0,32,4,1,3.9886,1
27,1,0,0,1,3053,0,0,3.9303,0
37,1,2,0,0,30,3,2,3.9156,1
24,1,0,0,1,5515,1,1,3.7091,0
29,1,2,0,1,18,5,2,3.9783,1
27,1,0,0,1,3599,0,0,3.838,0
31,1,2,0,0,18,3,5,3.9779,1
27,1,0,0,1,6825,1,1,3.8101,0
35,1,2,0,0,39,4,4,4.1503,1
31,1,0,0,1,6605,0,1,3.9536,0
31,1,2,1,0,10,4,1,3.9536,1
24,1,0,0,1,756,0,0,3.8554,0
36,1,2,0,0,7,3,5,4.1835,1
28,1,0,0,1,7393,1,1,4.0122,0
33,1,2,0,1,16,5,4,3.9196,1
29,1,0,0,1,6176,0,1,4.0473,0
33,1,2,0,0,8,3,5,3.9683,1
24,1,0,0,1,7175,0,1,3.7091,0
31,1,2,0,0,45,5,4,4.0392,1
24,1,0,0,1,6414,0,0,3.6887,0
35,1,2,0,0,36,4,3,4.1859,1
27,1,0,0,1,3693,1,1,3.838,0
30,1,2,0,0,19,5,1,4.0314,1
27,1,0,0,1,2048,1,0,3.708,0
34,1,2,0,0,21,5,4,4.2784,1
24,1,0,0,1,7123,1,0,3.6887,0
35,1,2,0,1,5,4,1,4.0931,1
26,1,0,0,1,2212,1,0,3.5843,0
31,1,2,0,1,14,4,4,3.9779,1
27,1,0,0,1,4073,0,0,3.8101,0
34,1,2,1,1,24,3,2,4.1973,1
30,1,0,0,1,6019,0,1,3.6981,0
32,1,2,1,0,27,3,3,4.3514,1
27,1,0,0,1,7179,0,1,3.838,0
38,1,2,1,0,44,2,2,4.0079,1
24,1,0,0,1,4482,0,0,3.7202,0
35,1,2,0,1,33,2,2,4.2074,1
24,1,0,0,1,3915,1,1,3.6887,0
33,1,2,1,0,3,4,1,4.4532,1
30,1,0,0,1,4075,0,1,3.6981,0
33,1,2,0,1,20,3,3,4.0179,1
27,1,0,0,1,4052,0,1,3.708,0
30,1,2,0,0,16,2,4,4.1232,1
28,1,0,0,1,4047,1,1,4.155,0
31,1,2,1,0,28,4,1,4.0668,1
29,1,0,0,1,5907,1,0,4.0473,0
30,1,2,0,0,1,5,5,3.9232,1
30,1,0,0,1,2429,1,0,3.6981,0
34,1,2,1,0,16,3,1,4.0941,1
27,1,0,0,1,4178,0,0,3.9303,0
32,1,2,0,0,35,5,3,4.0778,1
27,1,0,0,1,6626,0,1,3.9303,0
36,1,2,0,0,27,5,4,4.2181,1
28,1,0,0,1,5726,1,0,4.0122,0
36,1,2,1,0,36,2,4,3.9722,1
27,1,0,0,1,3339,0,1,3.9303,0
34,1,2,1,0,4,3,1,3.9513,1
24,1,0,0,1,981,0,0,3.7202,0
31,1,2,1,1,7,4,3,4.0181,1
24,1,0,0,1,7624,1,0,3.7091,0
29,1,2,0,0,14,3,3,4.1423,1
28,1,0,0,1,7458,0,1,4.155,0
32,1,2,0,0,43,4,4,4.0778,1
23,1,0,0,1,7055,0,1,3.6753,0
31,1,2,0,0,4,2,5,4.1313,1
27,1,0,0,1,7120,0,1,3.9303,0
36,1,2,1,0,29,5,2,4.0487,1
28,1,0,0,1,7640,0,0,4.0122,0
34,1,2,0,0,19,5,4,4.396,1
29,1,0,0,1,5944,1,0,4.0473,0
34,1,2,0,0,38,2,2,3.8085,1
23,1,0,0,1,2679,1,1,3.6212,0
33,1,2,0,0,22,4,4,4.0438,1
25,1,0,0,1,4707,1,1,3.8937,0
31,1,2,0,1,28,3,4,4.0392,1
27,1,0,0,1,2388,0,1,3.764,0
36,1,2,0,0,3,3,2,4.3502,1
24,1,0,0,1,7609,0,0,3.7721,0
34,1,2,1,0,35,5,2,4.2195,1
27,1,0,0,1,7120,1,0,3.838,0
33,1,2,0,0,4,4,2,4.1044,1
24,1,0,0,1,1491,1,0,3.7721,0
33,1,2,0,1,30,5,2,4.332,1
24,1,0,0,1,6156,1,1,3.7202,0
33,1,2,0,0,30,4,4,4.1879,1
26,1,0,0,1,7214,0,0,4.1039,0
33,1,2,1,0,33,3,2,4.1044,1
24,1,0,0,1,2606,1,0,3.7721,0
34,1,2,1,0,28,2,3,4.2195,1
24,1,0,0,1,7348,0,0,3.7202,0
32,1,2,0,0,1,4,1,3.9414,1
26,1,0,0,1,3698,0,0,4.1039,0
36,1,2,0,0,28,2,2,3.9931,1
27,1,0,0,1,4703,1,0,3.764,0
34,1,2,0,0,31,3,1,4.315,1
27,1,0,0,1,7797,1,0,3.8562,0
35,1,2,0,1,27,5,4,4.0332,1
30,1,0,0,1,4660,0,1,3.6981,0
33,1,2,0,1,15,2,2,4.3091,1
26,1,0,0,1,2481,0,1,4.1039,0
33,1,2,0,1,44,2,1,3.9226,1
29,1,0,0,1,749,0,1,4.0473,0
38,1,2,0,0,8,5,2,3.951,1
27,1,0,0,1,7420,1,1,3.708,0
31,1,2,0,0,26,4,1,3.9102,1
23,1,0,0,1,4778,1,0,3.6212,0
35,1,2,0,1,28,3,4,4.229,1
24,1,0,0,1,5005,0,0,3.7721,0
35,1,2,1,0,38,2,3,4.4576,1
27,1,0,0,1,4869,1,1,3.8101,0
33,1,2,1,0,40,4,5,3.9802,1
26,1,0,0,1,4836,0,0,4.1039,0
33,1,2,0,1,13,2,4,3.8997,1
28,1,0,0,1,7700,1,0,4.0122,0
36,1,2,0,1,2,5,1,3.8509,1
28,1,0,0,1,2900,0,1,4.0122,0
38,1,2,0,0,37,2,2,4.234,1
31,1,0,0,1,7931,0,0,3.9536,0
35,1,2,1,0,32,5,3,4.1147,1
26,1,0,0,1,3865,0,0,3.921,0
32,1,2,0,1,24,2,3,4.2889,1
24,1,0,0,1,3692,0,0,3.8554,0
38,1,2,0,1,27,4,3,4.146,1
27,1,0,0,1,2998,0,1,3.8101,0
31,1,2,0,0,20,4,3,4.1715,1
26,1,0,0,1,3831,1,0,4.1039,0
34,1,2,1,1,29,4,4,4.1751,1
31,1,0,0,1,933,1,1,3.9536,0
34,1,2,1,0,37,4,3,3.9369,1
27,1,0,0,1,3620,0,1,3.8562,0
32,1,2,0,1,15,5,4,4.1403,1
31,1,0,0,1,7675,1,0,3.9536,0
33,1,2,0,1,17,3,1,4.165,1
24,1,0,0,1,3610,0,0,3.8554,0
34,1,2,1,1,3,2,5,4.1163,1
23,1,0,0,1,6106,1,1,3.6212,0
32,1,2,0,1,45,2,2,4.3042,1
23,1,0,0,1,2396,0,0,3.6753,0
33,1,2,1,0,30,4,2,4.1273,1
26,1,0,0,1,532,1,0,3.5843,0
31,1,2,0,0,5,2,3,3.9747,1
29,1,0,0,1,3170,1,0,4.0473,0
33,1,2,0,0,21,2,2,4.1273,1
23,1,0,0,1,6643,1,1,3.6425,0
34,1,2,0,1,44,3,2,4.2195,1
27,1,0,0,1,6655,1,1,3.8562,0
33,1,2,1,1,17,5,2,4.0438,1
27,1,0,0,1,2985,1,1,3.764,0
32,1,2,0,1,1,4,1,4.1403,1
26,1,0,0,1,3106,0,1,3.5843,0
37,1,2,0,0,23,2,2,4.0441,1
27,1,0,0,1,5089,0,1,3.9303,0
35,1,2,0,0,8,4,5,4.2786,1
29,1,0,0,1,5982,1,1,4.0473,0
33,1,2,0,0,10,3,5,3.9683,1
24,1,0,0,1,4965,1,1,3.7202,0
31,1,2,0,0,38,3,4,4.3894,1
24,1,0,0,1,4843,1,0,3.6887,0
28,1,2,0,0,29,5,3,3.8963,1
24,1,0,0,1,3025,1,0,3.8554,0
30,1,2,0,1,14,4,5,4.2817,1
26,1,0,0,1,4916,0,0,4.1039,0
31,1,2,1,0,37,5,2,4.1037,1
27,1,0,0,1,7423,1,1,3.838,0
33,1,2,0,0,10,3,2,4.3091,1
24,1,0,0,1,6761,1,0,3.7721,0
33,1,2,0,0,45,5,1,3.8849,1
24,1,0,0,1,616,0,0,3.8554,0
33,1,2,1,0,5,5,3,4.2485,1
24,1,0,0,1,1220,0,1,3.6887,0
33,1,2,1,0,22,2,5,4.0438,1
27,1,0,0,1,3225,0,1,3.8101,0
34,1,2,1,1,10,4,5,3.9032,1
27,1,0,0,1,601,0,0,3.8101,0
34,1,2,1,0,7,3,1,4.2339,1
29,1,0,0,1,6995,0,0,4.0473,0
38,1,2,0,0,17,3,1,3.9232,1
28,1,0,0,1,653,0,1,4.155,0
33,1,2,0,1,39,4,3,4.4532,1
24,1,0,0,1,4927,0,1,3.8554,0
36,1,2,1,0,3,4,3,4.0169,1
24,1,0,0,1,1083,0,1,3.6887,0
37,1,2,0,0,24,3,3,4.0264,1
24,1,0,0,1,6087,0,1,3.7202,0
34,1,2,0,0,24,4,1,4.2784,1
23,1,0,0,1,2307,0,0,3.6753,0
32,1,2,0,0,2,2,2,4.0153,1
27,1,0,0,1,3312,0,1,3.8101,0
33,1,2,1,1,2,3,2,3.8818,1
27,1,0,0,1,3546,1,1,3.764,0
31,1,2,0,0,3,4,3,3.9378,1
26,1,0,0,1,1857,1,1,3.921,0
38,1,2,1,1,45,2,5,4.0708,1
31,1,0,0,1,3493,1,0,3.9536,0
36,1,2,0,0,39,4,2,3.9931,1
24,1,0,0,1,4473,0,1,3.6887,0
36,1,2,0,0,16,4,1,3.9512,1
29,1,0,0,1,3051,1,1,4.0473,0
33,1,2,1,0,29,2,3,4.1879,1
24,1,0,0,1,3030,1,1,3.6887,0
33,1,2,0,1,39,3,3,4.5973,1
24,1,0,0,1,2446,1,0,3.7721,0
34,1,2,0,1,16,5,4,4.2928,1
24,1,0,0,1,5016,1,1,3.7202,0
33,1,2,0,1,2,5,1,3.9196,1
23,1,0,0,1,3244,0,1,3.6212,0
31,1,2,0,0,33,4,4,4.1557,1
27,1,0,0,1,6952,0,0,3.8101,0
36,1,2,0,0,26,2,4,4.1626,1
27,1,0,0,1,4047,1,1,3.838,0
35,1,2,0,0,2,4,1,3.99,1
23,1,0,0,1,7612,0,1,3.6212,0
34,1,2,0,0,20,4,2,3.9147,1
27,1,0,0,1,5652,1,0,3.8101,0
32,1,2,0,0,9,2,5,4.0275,1
24,1,0,0,1,7049,0,0,3.7202,0
36,1,2,0,0,31,5,5,4.1042,1
26,1,0,0,1,1747,0,0,3.5843,0
34,1,2,0,0,5,4,4,3.9987,1
27,1,0,0,1,1418,1,1,3.764,0
33,1,2,0,0,4,4,4,4.1879,1
27,1,0,0,1,3094,1,0,3.8562,0
36,1,2,0,0,19,4,5,4.1835,1
27,1,0,0,1,6029,1,1,3.9303,0
31,1,2,1,0,2,2,5,3.8371,1
27,1,0,0,1,5572,1,0,3.8101,0
34,1,2,1,0,30,5,3,3.9147,1
24,1,0,0,1,3123,1,0,3.6887,0
31,1,2,0,1,5,4,4,3.926,1
27,1,0,0,1,6113,1,0,3.708,0
30,1,2,1,1,24,5,5,4.0314,1
26,1,0,0,1,831,1,0,3.5843,0
31,1,2,0,1,38,2,1,4.0424,1
27,1,0,0,1,838,0,0,3.9303,0
31,1,2,0,1,31,4,5,4.1715,1
27,1,0,0,1,4734,0,0,3.8101,0
32,1,2,1,0,37,3,5,4.1167,1
